date,user,0
2018-12-06 00:00:00+00:00,102.214.136.11,14
2018-12-06 00:00:00+00:00,111.118.61.234,10
2018-12-06 00:00:00+00:00,113.61.175.1,4
2018-12-06 00:00:00+00:00,122.200.185.202,8
2018-12-06 00:00:00+00:00,123.184.108.180,10
2018-12-06 00:00:00+00:00,128.58.240.156,11
2018-12-06 00:00:00+00:00,135.173.75.152,14
2018-12-06 00:00:00+00:00,136.250.117.155,6
2018-12-06 00:00:00+00:00,137.7.230.157,10
2018-12-06 00:00:00+00:00,138.174.62.116,8
2018-12-06 00:00:00+00:00,138.40.5.109,8
2018-12-06 00:00:00+00:00,138.94.129.21,4
2018-12-06 00:00:00+00:00,142.97.103.133,10
2018-12-06 00:00:00+00:00,144.241.152.214,10
2018-12-06 00:00:00+00:00,147.72.150.88,7
2018-12-06 00:00:00+00:00,149.141.162.63,11
2018-12-06 00:00:00+00:00,150.7.209.200,10
2018-12-06 00:00:00+00:00,156.221.74.192,7
2018-12-06 00:00:00+00:00,162.199.64.114,9
2018-12-06 00:00:00+00:00,167.187.89.215,3
2018-12-06 00:00:00+00:00,171.119.202.233,11
2018-12-06 00:00:00+00:00,179.202.53.218,9
2018-12-06 00:00:00+00:00,180.128.49.219,8
2018-12-06 00:00:00+00:00,183.147.144.217,9
2018-12-06 00:00:00+00:00,183.212.253.81,7
2018-12-06 00:00:00+00:00,183.235.143.186,8
2018-12-06 00:00:00+00:00,186.112.254.69,8
2018-12-06 00:00:00+00:00,2.214.63.171,18
2018-12-06 00:00:00+00:00,200.110.242.34,3
2018-12-06 00:00:00+00:00,203.111.93.152,7
2018-12-06 00:00:00+00:00,204.101.102.178,15
2018-12-06 00:00:00+00:00,207.136.37.35,7
2018-12-06 00:00:00+00:00,211.41.156.252,5
2018-12-06 00:00:00+00:00,212.231.239.108,5
2018-12-06 00:00:00+00:00,215.84.201.67,7
2018-12-06 00:00:00+00:00,22.221.206.74,9
2018-12-06 00:00:00+00:00,222.181.111.83,10
2018-12-06 00:00:00+00:00,28.155.83.66,5
2018-12-06 00:00:00+00:00,29.9.251.222,10
2018-12-06 00:00:00+00:00,45.11.107.159,11
2018-12-06 00:00:00+00:00,53.152.21.233,15
2018-12-06 00:00:00+00:00,59.17.167.79,11
2018-12-06 00:00:00+00:00,62.191.214.9,10
2018-12-06 00:00:00+00:00,62.72.170.192,7
2018-12-06 00:00:00+00:00,63.232.174.29,8
2018-12-06 00:00:00+00:00,66.69.7.139,8
2018-12-06 00:00:00+00:00,67.152.60.121,8
2018-12-06 00:00:00+00:00,74.118.1.48,9
2018-12-06 00:00:00+00:00,77.10.228.123,13
2018-12-06 00:00:00+00:00,78.186.238.129,8
2018-12-06 00:00:00+00:00,82.26.69.9,12
2018-12-06 00:00:00+00:00,85.57.137.1,7
2018-12-06 00:00:00+00:00,9.129.175.199,11
2018-12-06 00:00:00+00:00,95.94.43.233,6
2018-12-07 00:00:00+00:00,105.28.174.127,17
2018-12-07 00:00:00+00:00,106.128.205.39,9
2018-12-07 00:00:00+00:00,106.152.228.96,15
2018-12-07 00:00:00+00:00,114.247.94.255,10
2018-12-07 00:00:00+00:00,118.177.50.6,6
2018-12-07 00:00:00+00:00,12.55.153.83,10
2018-12-07 00:00:00+00:00,121.167.90.30,15
2018-12-07 00:00:00+00:00,124.131.181.233,9
2018-12-07 00:00:00+00:00,124.250.4.197,10
2018-12-07 00:00:00+00:00,125.227.179.202,10
2018-12-07 00:00:00+00:00,128.28.44.130,8
2018-12-07 00:00:00+00:00,129.248.179.22,13
2018-12-07 00:00:00+00:00,132.62.227.15,9
2018-12-07 00:00:00+00:00,134.19.113.74,12
2018-12-07 00:00:00+00:00,136.112.55.233,2
2018-12-07 00:00:00+00:00,136.133.139.66,10
2018-12-07 00:00:00+00:00,137.225.113.196,9
2018-12-07 00:00:00+00:00,14.221.168.103,9
2018-12-07 00:00:00+00:00,140.9.143.58,14
2018-12-07 00:00:00+00:00,144.100.47.134,9
2018-12-07 00:00:00+00:00,146.20.30.5,15
2018-12-07 00:00:00+00:00,154.3.246.113,17
2018-12-07 00:00:00+00:00,157.122.47.10,21
2018-12-07 00:00:00+00:00,157.33.35.191,12
2018-12-07 00:00:00+00:00,161.180.234.43,11
2018-12-07 00:00:00+00:00,168.189.210.149,12
2018-12-07 00:00:00+00:00,169.118.165.202,12
2018-12-07 00:00:00+00:00,176.250.165.35,9
2018-12-07 00:00:00+00:00,177.91.134.254,6
2018-12-07 00:00:00+00:00,180.46.221.3,10
2018-12-07 00:00:00+00:00,181.204.143.233,9
2018-12-07 00:00:00+00:00,183.191.173.116,8
2018-12-07 00:00:00+00:00,187.159.202.46,15
2018-12-07 00:00:00+00:00,19.175.89.175,15
2018-12-07 00:00:00+00:00,190.15.106.216,12
2018-12-07 00:00:00+00:00,190.23.24.202,14
2018-12-07 00:00:00+00:00,190.235.162.184,12
2018-12-07 00:00:00+00:00,192.40.249.71,12
2018-12-07 00:00:00+00:00,197.52.47.188,12
2018-12-07 00:00:00+00:00,198.47.168.77,18
2018-12-07 00:00:00+00:00,203.232.86.46,9
2018-12-07 00:00:00+00:00,204.184.34.243,11
2018-12-07 00:00:00+00:00,205.110.180.242,3
2018-12-07 00:00:00+00:00,208.230.113.193,15
2018-12-07 00:00:00+00:00,212.254.194.28,7
2018-12-07 00:00:00+00:00,213.154.222.112,17
2018-12-07 00:00:00+00:00,214.221.51.162,8
2018-12-07 00:00:00+00:00,214.50.123.182,10
2018-12-07 00:00:00+00:00,217.3.47.22,5
2018-12-07 00:00:00+00:00,219.223.156.77,12
2018-12-07 00:00:00+00:00,220.232.119.191,17
2018-12-07 00:00:00+00:00,23.53.207.88,14
2018-12-07 00:00:00+00:00,28.44.45.101,10
2018-12-07 00:00:00+00:00,29.184.1.117,14
2018-12-07 00:00:00+00:00,32.212.41.28,9
2018-12-07 00:00:00+00:00,34.219.242.46,13
2018-12-07 00:00:00+00:00,36.10.24.11,8
2018-12-07 00:00:00+00:00,37.105.60.196,7
2018-12-07 00:00:00+00:00,37.136.98.251,10
2018-12-07 00:00:00+00:00,38.216.45.117,9
2018-12-07 00:00:00+00:00,40.33.116.168,8
2018-12-07 00:00:00+00:00,48.45.89.47,17
2018-12-07 00:00:00+00:00,49.163.93.1,12
2018-12-07 00:00:00+00:00,51.197.84.49,11
2018-12-07 00:00:00+00:00,56.81.146.97,15
2018-12-07 00:00:00+00:00,59.125.228.216,10
2018-12-07 00:00:00+00:00,60.112.66.55,9
2018-12-07 00:00:00+00:00,60.124.43.141,10
2018-12-07 00:00:00+00:00,63.16.98.187,7
2018-12-07 00:00:00+00:00,65.202.250.228,9
2018-12-07 00:00:00+00:00,74.125.116.0,19
2018-12-07 00:00:00+00:00,78.212.185.183,12
2018-12-07 00:00:00+00:00,8.56.59.92,9
2018-12-07 00:00:00+00:00,82.62.54.62,20
2018-12-07 00:00:00+00:00,86.210.55.115,8
2018-12-07 00:00:00+00:00,88.254.128.229,9
2018-12-07 00:00:00+00:00,93.3.179.171,9
2018-12-08 00:00:00+00:00,104.118.231.244,10
2018-12-08 00:00:00+00:00,11.152.35.195,14
2018-12-08 00:00:00+00:00,111.166.58.89,10
2018-12-08 00:00:00+00:00,113.235.114.87,15
2018-12-08 00:00:00+00:00,116.241.47.22,17
2018-12-08 00:00:00+00:00,118.81.193.146,4
2018-12-08 00:00:00+00:00,119.48.61.1,17
2018-12-08 00:00:00+00:00,122.99.107.41,10
2018-12-08 00:00:00+00:00,126.104.180.86,8
2018-12-08 00:00:00+00:00,135.199.93.41,18
2018-12-08 00:00:00+00:00,138.1.148.188,9
2018-12-08 00:00:00+00:00,138.109.236.69,12
2018-12-08 00:00:00+00:00,138.222.82.209,13
2018-12-08 00:00:00+00:00,138.65.240.32,13
2018-12-08 00:00:00+00:00,138.8.155.190,7
2018-12-08 00:00:00+00:00,14.31.140.108,10
2018-12-08 00:00:00+00:00,146.253.188.27,14
2018-12-08 00:00:00+00:00,15.135.90.235,13
2018-12-08 00:00:00+00:00,152.82.229.69,6
2018-12-08 00:00:00+00:00,155.180.181.106,7
2018-12-08 00:00:00+00:00,156.55.22.136,11
2018-12-08 00:00:00+00:00,158.180.59.32,15
2018-12-08 00:00:00+00:00,158.3.240.75,15
2018-12-08 00:00:00+00:00,161.207.101.116,11
2018-12-08 00:00:00+00:00,171.87.137.160,8
2018-12-08 00:00:00+00:00,175.76.97.116,13
2018-12-08 00:00:00+00:00,177.140.190.87,7
2018-12-08 00:00:00+00:00,179.122.34.73,13
2018-12-08 00:00:00+00:00,181.105.253.207,16
2018-12-08 00:00:00+00:00,186.179.112.59,12
2018-12-08 00:00:00+00:00,197.94.217.222,16
2018-12-08 00:00:00+00:00,206.27.78.36,6
2018-12-08 00:00:00+00:00,217.144.120.167,11
2018-12-08 00:00:00+00:00,219.44.107.35,19
2018-12-08 00:00:00+00:00,223.8.115.133,17
2018-12-08 00:00:00+00:00,25.176.47.136,7
2018-12-08 00:00:00+00:00,31.144.130.87,11
2018-12-08 00:00:00+00:00,35.44.245.166,12
2018-12-08 00:00:00+00:00,44.98.148.128,7
2018-12-08 00:00:00+00:00,47.55.133.198,10
2018-12-08 00:00:00+00:00,50.118.227.4,6
2018-12-08 00:00:00+00:00,52.235.164.89,8
2018-12-08 00:00:00+00:00,56.141.198.35,6
2018-12-08 00:00:00+00:00,56.38.46.51,9
2018-12-08 00:00:00+00:00,60.105.41.161,14
2018-12-08 00:00:00+00:00,62.206.203.226,15
2018-12-08 00:00:00+00:00,64.113.77.166,15
2018-12-08 00:00:00+00:00,65.7.138.98,16
2018-12-08 00:00:00+00:00,69.128.14.105,15
2018-12-08 00:00:00+00:00,69.222.32.25,12
2018-12-08 00:00:00+00:00,71.38.226.169,10
2018-12-08 00:00:00+00:00,8.133.227.178,10
2018-12-08 00:00:00+00:00,8.45.56.19,14
2018-12-08 00:00:00+00:00,88.200.199.20,12
2018-12-08 00:00:00+00:00,88.205.71.156,10
2018-12-08 00:00:00+00:00,89.57.115.97,16
2018-12-08 00:00:00+00:00,9.160.246.16,12
2018-12-08 00:00:00+00:00,9.84.188.217,16
2018-12-08 00:00:00+00:00,91.62.174.226,11
2018-12-08 00:00:00+00:00,95.17.239.43,17
2018-12-08 00:00:00+00:00,95.232.77.63,13
2018-12-08 00:00:00+00:00,97.153.69.125,14
2018-12-09 00:00:00+00:00,1.146.187.225,21
2018-12-09 00:00:00+00:00,10.225.68.30,20
2018-12-09 00:00:00+00:00,10.228.159.227,23
2018-12-09 00:00:00+00:00,101.252.61.42,16
2018-12-09 00:00:00+00:00,102.107.185.231,32
2018-12-09 00:00:00+00:00,103.135.206.57,17
2018-12-09 00:00:00+00:00,106.102.74.199,23
2018-12-09 00:00:00+00:00,11.60.235.46,17
2018-12-09 00:00:00+00:00,112.145.123.179,13
2018-12-09 00:00:00+00:00,115.145.224.199,14
2018-12-09 00:00:00+00:00,115.54.209.181,11
2018-12-09 00:00:00+00:00,116.152.93.52,17
2018-12-09 00:00:00+00:00,121.246.23.119,20
2018-12-09 00:00:00+00:00,125.241.4.162,17
2018-12-09 00:00:00+00:00,132.57.27.181,18
2018-12-09 00:00:00+00:00,136.131.227.204,20
2018-12-09 00:00:00+00:00,137.191.84.38,16
2018-12-09 00:00:00+00:00,138.20.156.236,20
2018-12-09 00:00:00+00:00,144.220.80.21,14
2018-12-09 00:00:00+00:00,151.43.122.105,10
2018-12-09 00:00:00+00:00,158.108.247.232,20
2018-12-09 00:00:00+00:00,159.138.161.173,12
2018-12-09 00:00:00+00:00,160.0.128.62,11
2018-12-09 00:00:00+00:00,164.104.231.181,19
2018-12-09 00:00:00+00:00,167.57.62.225,16
2018-12-09 00:00:00+00:00,17.217.133.52,17
2018-12-09 00:00:00+00:00,17.63.243.150,19
2018-12-09 00:00:00+00:00,170.220.196.152,15
2018-12-09 00:00:00+00:00,175.103.107.182,12
2018-12-09 00:00:00+00:00,176.56.79.209,20
2018-12-09 00:00:00+00:00,184.225.201.175,14
2018-12-09 00:00:00+00:00,185.24.34.117,19
2018-12-09 00:00:00+00:00,19.66.217.219,8
2018-12-09 00:00:00+00:00,190.146.210.42,16
2018-12-09 00:00:00+00:00,190.225.73.182,24
2018-12-09 00:00:00+00:00,192.139.149.200,21
2018-12-09 00:00:00+00:00,195.74.29.13,20
2018-12-09 00:00:00+00:00,198.130.251.92,15
2018-12-09 00:00:00+00:00,199.195.21.163,18
2018-12-09 00:00:00+00:00,199.65.8.132,14
2018-12-09 00:00:00+00:00,2.213.37.126,16
2018-12-09 00:00:00+00:00,202.186.195.188,20
2018-12-09 00:00:00+00:00,202.43.197.48,9
2018-12-09 00:00:00+00:00,205.143.232.68,23
2018-12-09 00:00:00+00:00,205.155.73.193,22
2018-12-09 00:00:00+00:00,205.243.180.193,22
2018-12-09 00:00:00+00:00,207.20.241.58,18
2018-12-09 00:00:00+00:00,207.84.57.40,15
2018-12-09 00:00:00+00:00,208.51.231.65,25
2018-12-09 00:00:00+00:00,210.196.92.83,19
2018-12-09 00:00:00+00:00,210.47.143.249,13
2018-12-09 00:00:00+00:00,210.9.3.65,16
2018-12-09 00:00:00+00:00,22.40.251.106,18
2018-12-09 00:00:00+00:00,220.38.100.152,17
2018-12-09 00:00:00+00:00,221.207.90.88,16
2018-12-09 00:00:00+00:00,223.196.140.110,21
2018-12-09 00:00:00+00:00,23.123.139.34,14
2018-12-09 00:00:00+00:00,23.24.166.37,15
2018-12-09 00:00:00+00:00,25.217.99.6,18
2018-12-09 00:00:00+00:00,30.96.77.22,19
2018-12-09 00:00:00+00:00,33.125.61.126,18
2018-12-09 00:00:00+00:00,34.77.172.227,22
2018-12-09 00:00:00+00:00,37.190.239.85,28
2018-12-09 00:00:00+00:00,38.124.155.128,16
2018-12-09 00:00:00+00:00,38.237.117.17,15
2018-12-09 00:00:00+00:00,40.217.180.129,21
2018-12-09 00:00:00+00:00,42.79.222.237,9
2018-12-09 00:00:00+00:00,44.43.168.200,19
2018-12-09 00:00:00+00:00,56.123.61.229,21
2018-12-09 00:00:00+00:00,60.248.245.45,18
2018-12-09 00:00:00+00:00,66.254.12.12,26
2018-12-09 00:00:00+00:00,66.72.78.76,13
2018-12-09 00:00:00+00:00,68.181.41.68,19
2018-12-09 00:00:00+00:00,68.244.120.232,19
2018-12-09 00:00:00+00:00,73.139.49.250,15
2018-12-09 00:00:00+00:00,74.33.153.131,28
2018-12-09 00:00:00+00:00,75.217.200.228,13
2018-12-09 00:00:00+00:00,77.155.141.191,17
2018-12-09 00:00:00+00:00,80.131.28.36,19
2018-12-09 00:00:00+00:00,80.167.193.120,20
2018-12-09 00:00:00+00:00,82.69.26.121,20
2018-12-09 00:00:00+00:00,84.173.178.137,20
2018-12-09 00:00:00+00:00,85.177.28.131,16
2018-12-09 00:00:00+00:00,86.152.154.189,21
2018-12-09 00:00:00+00:00,92.203.6.103,24
2018-12-09 00:00:00+00:00,93.123.197.254,13
2018-12-09 00:00:00+00:00,96.108.214.138,22
2018-12-09 00:00:00+00:00,98.234.124.171,25
2018-12-10 00:00:00+00:00,10.121.196.58,13
2018-12-10 00:00:00+00:00,102.9.169.73,11
2018-12-10 00:00:00+00:00,105.57.171.159,18
2018-12-10 00:00:00+00:00,106.28.139.188,20
2018-12-10 00:00:00+00:00,107.166.107.77,12
2018-12-10 00:00:00+00:00,111.86.144.94,17
2018-12-10 00:00:00+00:00,113.106.51.104,8
2018-12-10 00:00:00+00:00,113.221.80.95,16
2018-12-10 00:00:00+00:00,114.110.236.166,26
2018-12-10 00:00:00+00:00,114.250.247.117,18
2018-12-10 00:00:00+00:00,119.145.227.99,23
2018-12-10 00:00:00+00:00,119.209.164.119,23
2018-12-10 00:00:00+00:00,119.235.25.124,22
2018-12-10 00:00:00+00:00,120.11.211.246,23
2018-12-10 00:00:00+00:00,120.117.170.240,17
2018-12-10 00:00:00+00:00,122.192.133.11,18
2018-12-10 00:00:00+00:00,122.210.13.140,16
2018-12-10 00:00:00+00:00,123.232.179.101,24
2018-12-10 00:00:00+00:00,124.210.30.213,18
2018-12-10 00:00:00+00:00,124.79.37.123,25
2018-12-10 00:00:00+00:00,128.11.161.192,19
2018-12-10 00:00:00+00:00,129.217.41.80,26
2018-12-10 00:00:00+00:00,131.79.178.132,24
2018-12-10 00:00:00+00:00,132.33.29.209,14
2018-12-10 00:00:00+00:00,133.242.154.86,16
2018-12-10 00:00:00+00:00,135.18.18.140,27
2018-12-10 00:00:00+00:00,14.7.110.126,18
2018-12-10 00:00:00+00:00,140.253.105.210,24
2018-12-10 00:00:00+00:00,143.243.184.34,18
2018-12-10 00:00:00+00:00,145.105.36.85,16
2018-12-10 00:00:00+00:00,145.179.190.110,16
2018-12-10 00:00:00+00:00,146.157.4.255,22
2018-12-10 00:00:00+00:00,146.72.15.21,21
2018-12-10 00:00:00+00:00,146.89.115.47,20
2018-12-10 00:00:00+00:00,149.2.125.27,20
2018-12-10 00:00:00+00:00,15.50.169.46,13
2018-12-10 00:00:00+00:00,151.122.21.149,24
2018-12-10 00:00:00+00:00,153.172.127.71,21
2018-12-10 00:00:00+00:00,153.221.92.115,17
2018-12-10 00:00:00+00:00,155.56.198.103,15
2018-12-10 00:00:00+00:00,157.101.206.209,21
2018-12-10 00:00:00+00:00,158.108.38.123,19
2018-12-10 00:00:00+00:00,162.207.221.150,15
2018-12-10 00:00:00+00:00,162.4.161.95,15
2018-12-10 00:00:00+00:00,165.195.154.126,20
2018-12-10 00:00:00+00:00,165.88.240.51,18
2018-12-10 00:00:00+00:00,166.236.227.25,19
2018-12-10 00:00:00+00:00,169.5.131.190,22
2018-12-10 00:00:00+00:00,173.106.71.142,16
2018-12-10 00:00:00+00:00,176.187.201.17,15
2018-12-10 00:00:00+00:00,179.100.13.227,24
2018-12-10 00:00:00+00:00,182.222.13.186,20
2018-12-10 00:00:00+00:00,183.17.157.205,21
2018-12-10 00:00:00+00:00,183.68.179.156,16
2018-12-10 00:00:00+00:00,185.27.150.143,19
2018-12-10 00:00:00+00:00,185.58.65.53,19
2018-12-10 00:00:00+00:00,191.245.133.82,25
2018-12-10 00:00:00+00:00,193.71.33.6,11
2018-12-10 00:00:00+00:00,2.141.101.176,22
2018-12-10 00:00:00+00:00,200.154.41.112,21
2018-12-10 00:00:00+00:00,208.56.78.203,21
2018-12-10 00:00:00+00:00,209.131.120.111,17
2018-12-10 00:00:00+00:00,210.228.187.57,20
2018-12-10 00:00:00+00:00,211.94.65.253,17
2018-12-10 00:00:00+00:00,212.134.73.186,18
2018-12-10 00:00:00+00:00,213.13.215.136,18
2018-12-10 00:00:00+00:00,219.227.129.67,21
2018-12-10 00:00:00+00:00,22.118.15.158,22
2018-12-10 00:00:00+00:00,22.185.21.250,14
2018-12-10 00:00:00+00:00,220.145.117.142,15
2018-12-10 00:00:00+00:00,223.174.207.249,22
2018-12-10 00:00:00+00:00,223.32.214.174,21
2018-12-10 00:00:00+00:00,28.15.23.218,15
2018-12-10 00:00:00+00:00,28.90.253.39,16
2018-12-10 00:00:00+00:00,3.156.98.89,20
2018-12-10 00:00:00+00:00,30.124.250.210,21
2018-12-10 00:00:00+00:00,31.235.128.159,23
2018-12-10 00:00:00+00:00,36.64.156.35,19
2018-12-10 00:00:00+00:00,39.200.0.201,19
2018-12-10 00:00:00+00:00,39.97.113.231,18
2018-12-10 00:00:00+00:00,42.232.59.38,15
2018-12-10 00:00:00+00:00,43.99.233.11,12
2018-12-10 00:00:00+00:00,45.211.216.194,18
2018-12-10 00:00:00+00:00,46.99.184.138,12
2018-12-10 00:00:00+00:00,50.96.70.138,22
2018-12-10 00:00:00+00:00,51.75.148.216,26
2018-12-10 00:00:00+00:00,53.35.173.117,22
2018-12-10 00:00:00+00:00,54.10.175.159,25
2018-12-10 00:00:00+00:00,56.159.206.37,15
2018-12-10 00:00:00+00:00,57.12.60.194,15
2018-12-10 00:00:00+00:00,58.163.150.153,13
2018-12-10 00:00:00+00:00,61.185.48.35,18
2018-12-10 00:00:00+00:00,63.154.171.236,17
2018-12-10 00:00:00+00:00,65.233.125.49,21
2018-12-10 00:00:00+00:00,68.50.163.142,17
2018-12-10 00:00:00+00:00,69.141.123.226,17
2018-12-10 00:00:00+00:00,75.246.88.180,19
2018-12-10 00:00:00+00:00,84.37.90.183,22
2018-12-10 00:00:00+00:00,96.122.0.216,16
2018-12-11 00:00:00+00:00,105.162.54.46,30
2018-12-11 00:00:00+00:00,112.71.82.207,32
2018-12-11 00:00:00+00:00,114.137.29.235,34
2018-12-11 00:00:00+00:00,117.53.59.5,19
2018-12-11 00:00:00+00:00,120.11.216.128,17
2018-12-11 00:00:00+00:00,121.94.42.155,21
2018-12-11 00:00:00+00:00,123.4.216.77,22
2018-12-11 00:00:00+00:00,126.85.162.51,27
2018-12-11 00:00:00+00:00,128.231.126.168,26
2018-12-11 00:00:00+00:00,129.144.78.114,31
2018-12-11 00:00:00+00:00,129.158.222.30,24
2018-12-11 00:00:00+00:00,131.192.61.190,27
2018-12-11 00:00:00+00:00,131.95.77.224,26
2018-12-11 00:00:00+00:00,138.75.134.169,22
2018-12-11 00:00:00+00:00,141.228.107.62,29
2018-12-11 00:00:00+00:00,154.10.116.108,31
2018-12-11 00:00:00+00:00,155.12.84.59,26
2018-12-11 00:00:00+00:00,157.184.61.238,31
2018-12-11 00:00:00+00:00,16.193.11.140,27
2018-12-11 00:00:00+00:00,16.211.169.195,20
2018-12-11 00:00:00+00:00,167.226.170.134,25
2018-12-11 00:00:00+00:00,171.183.181.128,27
2018-12-11 00:00:00+00:00,172.14.185.94,20
2018-12-11 00:00:00+00:00,173.20.145.73,29
2018-12-11 00:00:00+00:00,177.250.241.138,20
2018-12-11 00:00:00+00:00,177.61.158.125,36
2018-12-11 00:00:00+00:00,178.201.28.96,25
2018-12-11 00:00:00+00:00,178.59.113.50,22
2018-12-11 00:00:00+00:00,179.43.127.92,27
2018-12-11 00:00:00+00:00,192.142.194.68,27
2018-12-11 00:00:00+00:00,195.252.183.6,21
2018-12-11 00:00:00+00:00,197.254.220.229,23
2018-12-11 00:00:00+00:00,203.129.218.112,33
2018-12-11 00:00:00+00:00,203.62.188.52,28
2018-12-11 00:00:00+00:00,203.92.178.213,23
2018-12-11 00:00:00+00:00,205.136.116.61,28
2018-12-11 00:00:00+00:00,205.138.142.76,28
2018-12-11 00:00:00+00:00,205.153.193.27,24
2018-12-11 00:00:00+00:00,209.101.50.90,25
2018-12-11 00:00:00+00:00,214.115.180.22,25
2018-12-11 00:00:00+00:00,216.94.187.19,20
2018-12-11 00:00:00+00:00,218.118.62.155,27
2018-12-11 00:00:00+00:00,22.53.23.176,25
2018-12-11 00:00:00+00:00,223.44.4.79,28
2018-12-11 00:00:00+00:00,26.16.117.189,25
2018-12-11 00:00:00+00:00,33.188.128.204,19
2018-12-11 00:00:00+00:00,33.90.179.14,21
2018-12-11 00:00:00+00:00,39.247.56.159,26
2018-12-11 00:00:00+00:00,49.123.241.120,21
2018-12-11 00:00:00+00:00,56.219.211.34,25
2018-12-11 00:00:00+00:00,56.231.40.157,23
2018-12-11 00:00:00+00:00,58.240.54.187,32
2018-12-11 00:00:00+00:00,62.21.15.47,19
2018-12-11 00:00:00+00:00,65.10.48.41,27
2018-12-11 00:00:00+00:00,73.203.24.247,21
2018-12-11 00:00:00+00:00,75.129.101.143,33
2018-12-11 00:00:00+00:00,89.189.105.54,20
2018-12-11 00:00:00+00:00,90.160.111.42,38
2018-12-11 00:00:00+00:00,90.239.128.33,26
2018-12-11 00:00:00+00:00,91.193.33.68,26
2018-12-11 00:00:00+00:00,93.44.124.204,18
2018-12-11 00:00:00+00:00,96.47.246.201,21
2018-12-11 00:00:00+00:00,97.187.211.162,25
2018-12-11 00:00:00+00:00,99.189.233.201,26
2018-12-12 00:00:00+00:00,10.233.216.161,7
2018-12-12 00:00:00+00:00,102.191.74.104,7
2018-12-12 00:00:00+00:00,103.199.248.217,5
2018-12-12 00:00:00+00:00,105.10.245.71,5
2018-12-12 00:00:00+00:00,108.86.78.45,5
2018-12-12 00:00:00+00:00,109.60.213.193,5
2018-12-12 00:00:00+00:00,11.180.255.46,6
2018-12-12 00:00:00+00:00,111.123.138.220,7
2018-12-12 00:00:00+00:00,120.227.171.129,8
2018-12-12 00:00:00+00:00,120.70.190.123,8
2018-12-12 00:00:00+00:00,120.90.93.235,9
2018-12-12 00:00:00+00:00,125.187.213.27,10
2018-12-12 00:00:00+00:00,13.133.112.19,11
2018-12-12 00:00:00+00:00,130.54.44.163,3
2018-12-12 00:00:00+00:00,132.28.32.227,14
2018-12-12 00:00:00+00:00,133.185.25.202,9
2018-12-12 00:00:00+00:00,135.239.247.251,11
2018-12-12 00:00:00+00:00,135.46.108.51,6
2018-12-12 00:00:00+00:00,136.70.92.80,9
2018-12-12 00:00:00+00:00,138.32.214.4,8
2018-12-12 00:00:00+00:00,139.179.241.171,5
2018-12-12 00:00:00+00:00,14.149.60.52,7
2018-12-12 00:00:00+00:00,140.110.83.55,11
2018-12-12 00:00:00+00:00,142.156.236.209,10
2018-12-12 00:00:00+00:00,145.104.104.165,10
2018-12-12 00:00:00+00:00,148.144.87.249,4
2018-12-12 00:00:00+00:00,152.206.172.209,10
2018-12-12 00:00:00+00:00,157.68.111.59,9
2018-12-12 00:00:00+00:00,16.36.141.81,7
2018-12-12 00:00:00+00:00,162.45.241.198,4
2018-12-12 00:00:00+00:00,164.133.32.24,5
2018-12-12 00:00:00+00:00,165.1.52.216,12
2018-12-12 00:00:00+00:00,169.154.218.177,6
2018-12-12 00:00:00+00:00,170.35.140.45,6
2018-12-12 00:00:00+00:00,171.176.239.216,7
2018-12-12 00:00:00+00:00,172.169.93.128,13
2018-12-12 00:00:00+00:00,173.110.36.130,10
2018-12-12 00:00:00+00:00,173.198.201.201,12
2018-12-12 00:00:00+00:00,174.26.171.18,7
2018-12-12 00:00:00+00:00,174.27.59.206,12
2018-12-12 00:00:00+00:00,179.183.47.127,9
2018-12-12 00:00:00+00:00,182.241.62.64,11
2018-12-12 00:00:00+00:00,184.106.135.132,6
2018-12-12 00:00:00+00:00,185.183.195.188,13
2018-12-12 00:00:00+00:00,185.90.94.131,3
2018-12-12 00:00:00+00:00,189.198.100.8,12
2018-12-12 00:00:00+00:00,190.170.21.154,11
2018-12-12 00:00:00+00:00,198.26.142.124,11
2018-12-12 00:00:00+00:00,200.125.84.43,8
2018-12-12 00:00:00+00:00,204.168.89.237,8
2018-12-12 00:00:00+00:00,206.126.18.142,8
2018-12-12 00:00:00+00:00,208.133.161.0,9
2018-12-12 00:00:00+00:00,21.157.20.33,7
2018-12-12 00:00:00+00:00,21.174.215.60,13
2018-12-12 00:00:00+00:00,213.171.16.22,7
2018-12-12 00:00:00+00:00,221.107.42.225,8
2018-12-12 00:00:00+00:00,221.129.24.13,5
2018-12-12 00:00:00+00:00,221.161.58.164,7
2018-12-12 00:00:00+00:00,222.188.87.4,14
2018-12-12 00:00:00+00:00,23.59.162.5,3
2018-12-12 00:00:00+00:00,25.147.117.142,9
2018-12-12 00:00:00+00:00,26.167.81.227,8
2018-12-12 00:00:00+00:00,3.15.24.131,7
2018-12-12 00:00:00+00:00,32.12.55.91,10
2018-12-12 00:00:00+00:00,35.191.32.183,3
2018-12-12 00:00:00+00:00,36.236.219.162,6
2018-12-12 00:00:00+00:00,36.93.176.191,7
2018-12-12 00:00:00+00:00,4.132.163.209,11
2018-12-12 00:00:00+00:00,42.73.127.188,7
2018-12-12 00:00:00+00:00,43.152.68.97,8
2018-12-12 00:00:00+00:00,43.201.102.187,8
2018-12-12 00:00:00+00:00,49.38.119.254,10
2018-12-12 00:00:00+00:00,5.3.74.123,6
2018-12-12 00:00:00+00:00,51.153.114.242,7
2018-12-12 00:00:00+00:00,51.223.49.3,4
2018-12-12 00:00:00+00:00,51.87.163.98,7
2018-12-12 00:00:00+00:00,53.29.227.180,5
2018-12-12 00:00:00+00:00,58.102.45.255,4
2018-12-12 00:00:00+00:00,58.186.174.179,6
2018-12-12 00:00:00+00:00,59.84.161.57,10
2018-12-12 00:00:00+00:00,60.52.4.21,9
2018-12-12 00:00:00+00:00,61.54.34.216,9
2018-12-12 00:00:00+00:00,65.15.121.160,12
2018-12-12 00:00:00+00:00,72.58.193.129,8
2018-12-12 00:00:00+00:00,73.245.134.251,7
2018-12-12 00:00:00+00:00,73.34.108.63,12
2018-12-12 00:00:00+00:00,74.227.201.120,10
2018-12-12 00:00:00+00:00,75.1.218.239,9
2018-12-12 00:00:00+00:00,81.18.226.44,7
2018-12-12 00:00:00+00:00,81.254.132.25,6
2018-12-12 00:00:00+00:00,81.76.249.57,9
2018-12-12 00:00:00+00:00,85.203.216.131,6
2018-12-12 00:00:00+00:00,87.57.69.113,7
2018-12-12 00:00:00+00:00,9.52.168.59,10
2018-12-12 00:00:00+00:00,91.187.13.23,6
2018-12-13 00:00:00+00:00,10.103.210.147,16
2018-12-13 00:00:00+00:00,106.136.28.178,19
2018-12-13 00:00:00+00:00,107.215.25.242,20
2018-12-13 00:00:00+00:00,109.119.77.30,19
2018-12-13 00:00:00+00:00,109.72.175.83,24
2018-12-13 00:00:00+00:00,11.218.100.221,24
2018-12-13 00:00:00+00:00,110.33.98.141,24
2018-12-13 00:00:00+00:00,117.219.96.211,16
2018-12-13 00:00:00+00:00,122.67.162.68,21
2018-12-13 00:00:00+00:00,122.86.173.220,25
2018-12-13 00:00:00+00:00,124.157.27.137,19
2018-12-13 00:00:00+00:00,125.132.94.24,19
2018-12-13 00:00:00+00:00,131.169.203.190,32
2018-12-13 00:00:00+00:00,131.91.144.16,30
2018-12-13 00:00:00+00:00,135.49.145.217,28
2018-12-13 00:00:00+00:00,136.206.173.212,19
2018-12-13 00:00:00+00:00,138.93.173.62,19
2018-12-13 00:00:00+00:00,140.13.187.81,17
2018-12-13 00:00:00+00:00,141.39.231.83,24
2018-12-13 00:00:00+00:00,145.135.90.248,28
2018-12-13 00:00:00+00:00,162.25.9.246,20
2018-12-13 00:00:00+00:00,169.250.207.191,25
2018-12-13 00:00:00+00:00,172.204.9.51,24
2018-12-13 00:00:00+00:00,174.163.155.221,28
2018-12-13 00:00:00+00:00,182.152.13.36,29
2018-12-13 00:00:00+00:00,182.7.128.110,21
2018-12-13 00:00:00+00:00,183.149.168.244,26
2018-12-13 00:00:00+00:00,183.155.212.31,22
2018-12-13 00:00:00+00:00,183.186.209.242,23
2018-12-13 00:00:00+00:00,185.32.137.175,23
2018-12-13 00:00:00+00:00,186.88.166.126,22
2018-12-13 00:00:00+00:00,19.190.177.183,23
2018-12-13 00:00:00+00:00,191.245.188.161,15
2018-12-13 00:00:00+00:00,192.135.161.42,16
2018-12-13 00:00:00+00:00,196.19.48.120,26
2018-12-13 00:00:00+00:00,201.153.165.71,32
2018-12-13 00:00:00+00:00,201.207.202.162,23
2018-12-13 00:00:00+00:00,203.237.167.229,27
2018-12-13 00:00:00+00:00,204.108.220.226,20
2018-12-13 00:00:00+00:00,217.146.79.247,26
2018-12-13 00:00:00+00:00,219.37.241.243,23
2018-12-13 00:00:00+00:00,222.231.94.85,16
2018-12-13 00:00:00+00:00,222.77.30.50,19
2018-12-13 00:00:00+00:00,27.184.161.59,13
2018-12-13 00:00:00+00:00,29.220.91.132,29
2018-12-13 00:00:00+00:00,3.201.134.222,31
2018-12-13 00:00:00+00:00,32.141.6.248,18
2018-12-13 00:00:00+00:00,35.104.71.230,26
2018-12-13 00:00:00+00:00,36.80.25.245,23
2018-12-13 00:00:00+00:00,4.59.25.101,23
2018-12-13 00:00:00+00:00,41.140.176.0,28
2018-12-13 00:00:00+00:00,42.169.190.98,18
2018-12-13 00:00:00+00:00,48.215.227.57,17
2018-12-13 00:00:00+00:00,52.38.194.51,25
2018-12-13 00:00:00+00:00,58.60.21.149,26
2018-12-13 00:00:00+00:00,6.75.184.132,23
2018-12-13 00:00:00+00:00,60.127.186.226,27
2018-12-13 00:00:00+00:00,65.137.216.138,21
2018-12-13 00:00:00+00:00,69.51.33.86,25
2018-12-13 00:00:00+00:00,80.187.214.204,18
2018-12-13 00:00:00+00:00,86.109.215.247,23
2018-12-13 00:00:00+00:00,90.255.37.254,26
2018-12-13 00:00:00+00:00,94.199.14.50,18
2018-12-13 00:00:00+00:00,94.248.234.135,23
2018-12-13 00:00:00+00:00,99.126.175.255,21
2018-12-13 00:00:00+00:00,99.95.61.225,19
2018-12-14 00:00:00+00:00,100.201.154.35,25
2018-12-14 00:00:00+00:00,101.183.170.202,24
2018-12-14 00:00:00+00:00,107.203.48.253,20
2018-12-14 00:00:00+00:00,117.167.205.91,25
2018-12-14 00:00:00+00:00,118.234.227.92,19
2018-12-14 00:00:00+00:00,123.236.27.50,22
2018-12-14 00:00:00+00:00,13.66.44.231,19
2018-12-14 00:00:00+00:00,131.163.69.76,28
2018-12-14 00:00:00+00:00,132.104.66.10,27
2018-12-14 00:00:00+00:00,132.105.12.20,27
2018-12-14 00:00:00+00:00,139.121.187.250,29
2018-12-14 00:00:00+00:00,149.206.56.253,26
2018-12-14 00:00:00+00:00,153.109.3.32,17
2018-12-14 00:00:00+00:00,156.91.34.146,37
2018-12-14 00:00:00+00:00,158.40.209.36,17
2018-12-14 00:00:00+00:00,159.108.27.118,21
2018-12-14 00:00:00+00:00,16.143.48.39,20
2018-12-14 00:00:00+00:00,166.97.92.211,27
2018-12-14 00:00:00+00:00,17.26.67.213,22
2018-12-14 00:00:00+00:00,172.138.127.129,23
2018-12-14 00:00:00+00:00,172.247.13.178,28
2018-12-14 00:00:00+00:00,173.161.55.99,20
2018-12-14 00:00:00+00:00,174.50.85.133,23
2018-12-14 00:00:00+00:00,175.190.243.204,36
2018-12-14 00:00:00+00:00,176.186.163.112,25
2018-12-14 00:00:00+00:00,181.194.134.65,28
2018-12-14 00:00:00+00:00,183.197.72.128,30
2018-12-14 00:00:00+00:00,183.245.188.20,23
2018-12-14 00:00:00+00:00,184.159.87.49,29
2018-12-14 00:00:00+00:00,184.235.5.13,28
2018-12-14 00:00:00+00:00,187.218.12.165,23
2018-12-14 00:00:00+00:00,194.152.93.57,28
2018-12-14 00:00:00+00:00,196.173.116.70,23
2018-12-14 00:00:00+00:00,199.13.155.145,27
2018-12-14 00:00:00+00:00,199.166.45.99,23
2018-12-14 00:00:00+00:00,203.238.171.65,26
2018-12-14 00:00:00+00:00,219.45.56.49,19
2018-12-14 00:00:00+00:00,22.108.254.254,26
2018-12-14 00:00:00+00:00,220.199.216.209,32
2018-12-14 00:00:00+00:00,25.83.210.43,28
2018-12-14 00:00:00+00:00,29.45.193.35,39
2018-12-14 00:00:00+00:00,29.66.220.45,29
2018-12-14 00:00:00+00:00,3.97.238.52,21
2018-12-14 00:00:00+00:00,30.94.137.228,25
2018-12-14 00:00:00+00:00,31.35.178.169,28
2018-12-14 00:00:00+00:00,32.42.105.151,28
2018-12-14 00:00:00+00:00,34.198.198.98,22
2018-12-14 00:00:00+00:00,40.199.14.136,22
2018-12-14 00:00:00+00:00,44.182.187.52,39
2018-12-14 00:00:00+00:00,54.107.142.92,19
2018-12-14 00:00:00+00:00,54.117.238.229,24
2018-12-14 00:00:00+00:00,54.137.160.211,24
2018-12-14 00:00:00+00:00,54.51.162.122,26
2018-12-14 00:00:00+00:00,64.159.19.26,22
2018-12-14 00:00:00+00:00,64.90.31.138,19
2018-12-14 00:00:00+00:00,69.76.182.165,25
2018-12-14 00:00:00+00:00,79.43.120.140,26
2018-12-14 00:00:00+00:00,83.11.105.107,25
2018-12-14 00:00:00+00:00,86.10.1.78,28
2018-12-14 00:00:00+00:00,9.113.229.100,35
2018-12-14 00:00:00+00:00,99.151.199.180,29
2018-12-15 00:00:00+00:00,102.44.175.16,16
2018-12-15 00:00:00+00:00,103.235.235.190,11
2018-12-15 00:00:00+00:00,105.149.154.83,10
2018-12-15 00:00:00+00:00,107.221.46.121,8
2018-12-15 00:00:00+00:00,11.139.130.176,14
2018-12-15 00:00:00+00:00,111.59.206.5,7
2018-12-15 00:00:00+00:00,113.40.59.80,17
2018-12-15 00:00:00+00:00,118.226.86.124,11
2018-12-15 00:00:00+00:00,120.54.143.167,16
2018-12-15 00:00:00+00:00,121.194.64.215,11
2018-12-15 00:00:00+00:00,128.197.4.6,12
2018-12-15 00:00:00+00:00,136.210.10.209,15
2018-12-15 00:00:00+00:00,138.21.120.39,10
2018-12-15 00:00:00+00:00,14.137.31.237,18
2018-12-15 00:00:00+00:00,144.127.89.162,12
2018-12-15 00:00:00+00:00,145.144.216.249,16
2018-12-15 00:00:00+00:00,145.249.29.71,9
2018-12-15 00:00:00+00:00,151.245.154.16,7
2018-12-15 00:00:00+00:00,154.21.105.109,12
2018-12-15 00:00:00+00:00,158.68.142.27,12
2018-12-15 00:00:00+00:00,161.78.176.214,16
2018-12-15 00:00:00+00:00,166.169.166.135,14
2018-12-15 00:00:00+00:00,167.40.98.26,14
2018-12-15 00:00:00+00:00,168.82.151.236,12
2018-12-15 00:00:00+00:00,180.197.240.86,20
2018-12-15 00:00:00+00:00,184.81.99.58,12
2018-12-15 00:00:00+00:00,186.66.98.29,14
2018-12-15 00:00:00+00:00,193.108.105.128,9
2018-12-15 00:00:00+00:00,196.148.116.49,18
2018-12-15 00:00:00+00:00,196.181.16.195,11
2018-12-15 00:00:00+00:00,20.29.186.51,16
2018-12-15 00:00:00+00:00,202.111.68.114,14
2018-12-15 00:00:00+00:00,202.92.111.212,18
2018-12-15 00:00:00+00:00,203.218.9.3,6
2018-12-15 00:00:00+00:00,204.78.26.160,13
2018-12-15 00:00:00+00:00,206.37.249.18,9
2018-12-15 00:00:00+00:00,210.183.195.177,7
2018-12-15 00:00:00+00:00,211.30.29.190,8
2018-12-15 00:00:00+00:00,213.38.145.234,12
2018-12-15 00:00:00+00:00,214.120.174.221,13
2018-12-15 00:00:00+00:00,218.229.183.172,8
2018-12-15 00:00:00+00:00,222.181.109.185,12
2018-12-15 00:00:00+00:00,28.41.142.165,14
2018-12-15 00:00:00+00:00,29.239.185.77,17
2018-12-15 00:00:00+00:00,3.106.251.38,9
2018-12-15 00:00:00+00:00,3.187.155.173,12
2018-12-15 00:00:00+00:00,30.74.95.155,14
2018-12-15 00:00:00+00:00,35.44.137.74,12
2018-12-15 00:00:00+00:00,55.227.99.187,12
2018-12-15 00:00:00+00:00,64.32.99.124,13
2018-12-15 00:00:00+00:00,67.208.228.198,15
2018-12-15 00:00:00+00:00,68.224.223.70,12
2018-12-15 00:00:00+00:00,7.16.43.35,13
2018-12-15 00:00:00+00:00,71.196.15.253,10
2018-12-15 00:00:00+00:00,77.109.41.201,6
2018-12-15 00:00:00+00:00,81.152.139.159,13
2018-12-15 00:00:00+00:00,81.22.243.44,17
2018-12-15 00:00:00+00:00,82.108.68.242,23
2018-12-16 00:00:00+00:00,10.125.254.33,7
2018-12-16 00:00:00+00:00,101.239.52.224,11
2018-12-16 00:00:00+00:00,105.189.112.17,13
2018-12-16 00:00:00+00:00,105.41.215.165,7
2018-12-16 00:00:00+00:00,110.109.52.99,8
2018-12-16 00:00:00+00:00,112.231.4.48,9
2018-12-16 00:00:00+00:00,116.9.244.85,10
2018-12-16 00:00:00+00:00,118.147.18.109,13
2018-12-16 00:00:00+00:00,12.152.235.206,9
2018-12-16 00:00:00+00:00,126.208.90.22,7
2018-12-16 00:00:00+00:00,131.18.225.91,9
2018-12-16 00:00:00+00:00,133.228.43.37,4
2018-12-16 00:00:00+00:00,139.64.10.134,6
2018-12-16 00:00:00+00:00,141.231.246.146,11
2018-12-16 00:00:00+00:00,146.243.135.75,8
2018-12-16 00:00:00+00:00,147.120.213.93,6
2018-12-16 00:00:00+00:00,152.212.169.25,10
2018-12-16 00:00:00+00:00,152.229.209.163,6
2018-12-16 00:00:00+00:00,156.38.152.179,7
2018-12-16 00:00:00+00:00,159.155.99.89,8
2018-12-16 00:00:00+00:00,16.217.161.171,9
2018-12-16 00:00:00+00:00,164.198.70.181,8
2018-12-16 00:00:00+00:00,166.24.25.137,8
2018-12-16 00:00:00+00:00,166.94.114.199,3
2018-12-16 00:00:00+00:00,167.24.45.137,12
2018-12-16 00:00:00+00:00,168.10.247.77,12
2018-12-16 00:00:00+00:00,178.92.176.50,6
2018-12-16 00:00:00+00:00,180.150.169.56,3
2018-12-16 00:00:00+00:00,184.93.56.243,6
2018-12-16 00:00:00+00:00,188.160.226.97,9
2018-12-16 00:00:00+00:00,189.145.36.169,4
2018-12-16 00:00:00+00:00,19.83.12.206,8
2018-12-16 00:00:00+00:00,190.141.2.123,11
2018-12-16 00:00:00+00:00,198.184.49.103,8
2018-12-16 00:00:00+00:00,2.4.9.160,11
2018-12-16 00:00:00+00:00,210.233.203.164,7
2018-12-16 00:00:00+00:00,215.103.145.141,4
2018-12-16 00:00:00+00:00,22.208.4.252,9
2018-12-16 00:00:00+00:00,220.84.234.162,12
2018-12-16 00:00:00+00:00,24.15.218.127,11
2018-12-16 00:00:00+00:00,26.8.99.154,6
2018-12-16 00:00:00+00:00,27.124.85.232,7
2018-12-16 00:00:00+00:00,32.65.78.16,12
2018-12-16 00:00:00+00:00,34.134.188.70,6
2018-12-16 00:00:00+00:00,39.209.221.190,9
2018-12-16 00:00:00+00:00,41.225.115.64,7
2018-12-16 00:00:00+00:00,45.50.192.102,8
2018-12-16 00:00:00+00:00,51.166.6.248,9
2018-12-16 00:00:00+00:00,51.255.3.44,8
2018-12-16 00:00:00+00:00,53.203.124.236,6
2018-12-16 00:00:00+00:00,56.110.26.174,10
2018-12-16 00:00:00+00:00,58.150.241.174,10
2018-12-16 00:00:00+00:00,59.161.111.237,12
2018-12-16 00:00:00+00:00,6.174.193.114,6
2018-12-16 00:00:00+00:00,6.214.122.50,7
2018-12-16 00:00:00+00:00,6.248.157.156,11
2018-12-16 00:00:00+00:00,62.251.25.192,7
2018-12-16 00:00:00+00:00,64.11.98.241,7
2018-12-16 00:00:00+00:00,66.184.5.210,9
2018-12-16 00:00:00+00:00,68.26.242.46,8
2018-12-16 00:00:00+00:00,71.147.141.136,10
2018-12-16 00:00:00+00:00,74.254.76.117,9
2018-12-16 00:00:00+00:00,76.75.82.25,9
2018-12-16 00:00:00+00:00,8.104.52.93,11
2018-12-16 00:00:00+00:00,8.219.131.72,14
2018-12-16 00:00:00+00:00,87.216.94.194,8
2018-12-16 00:00:00+00:00,88.103.179.151,14
2018-12-16 00:00:00+00:00,90.251.18.89,11
2018-12-16 00:00:00+00:00,91.203.239.131,10
2018-12-16 00:00:00+00:00,92.250.1.122,11
2018-12-16 00:00:00+00:00,96.216.61.152,13
2018-12-16 00:00:00+00:00,98.106.128.171,13
2018-12-16 00:00:00+00:00,98.56.130.99,5
2018-12-17 00:00:00+00:00,10.92.233.246,21
2018-12-17 00:00:00+00:00,105.29.137.176,17
2018-12-17 00:00:00+00:00,106.62.237.73,23
2018-12-17 00:00:00+00:00,107.189.126.250,24
2018-12-17 00:00:00+00:00,107.2.77.113,18
2018-12-17 00:00:00+00:00,107.31.232.147,21
2018-12-17 00:00:00+00:00,113.191.11.32,19
2018-12-17 00:00:00+00:00,124.241.16.243,27
2018-12-17 00:00:00+00:00,126.20.230.142,32
2018-12-17 00:00:00+00:00,128.244.229.195,21
2018-12-17 00:00:00+00:00,13.74.170.26,23
2018-12-17 00:00:00+00:00,130.144.3.122,22
2018-12-17 00:00:00+00:00,134.62.195.28,19
2018-12-17 00:00:00+00:00,136.45.242.193,32
2018-12-17 00:00:00+00:00,146.184.234.128,18
2018-12-17 00:00:00+00:00,146.84.185.202,22
2018-12-17 00:00:00+00:00,157.62.7.171,28
2018-12-17 00:00:00+00:00,163.66.48.1,17
2018-12-17 00:00:00+00:00,17.112.194.124,22
2018-12-17 00:00:00+00:00,170.122.36.22,27
2018-12-17 00:00:00+00:00,170.30.231.40,28
2018-12-17 00:00:00+00:00,173.51.229.55,32
2018-12-17 00:00:00+00:00,176.185.143.218,17
2018-12-17 00:00:00+00:00,185.36.0.91,20
2018-12-17 00:00:00+00:00,186.179.15.8,21
2018-12-17 00:00:00+00:00,191.144.148.37,26
2018-12-17 00:00:00+00:00,192.207.242.37,24
2018-12-17 00:00:00+00:00,192.55.252.193,21
2018-12-17 00:00:00+00:00,193.131.254.15,27
2018-12-17 00:00:00+00:00,196.60.169.253,20
2018-12-17 00:00:00+00:00,20.68.94.225,23
2018-12-17 00:00:00+00:00,201.2.224.55,24
2018-12-17 00:00:00+00:00,201.248.234.32,25
2018-12-17 00:00:00+00:00,203.83.184.136,28
2018-12-17 00:00:00+00:00,206.90.237.193,24
2018-12-17 00:00:00+00:00,43.67.88.173,21
2018-12-17 00:00:00+00:00,45.130.217.142,21
2018-12-17 00:00:00+00:00,50.54.254.10,26
2018-12-17 00:00:00+00:00,51.46.220.109,29
2018-12-17 00:00:00+00:00,57.40.210.105,21
2018-12-17 00:00:00+00:00,59.133.7.202,27
2018-12-17 00:00:00+00:00,67.107.10.9,17
2018-12-17 00:00:00+00:00,68.152.166.22,21
2018-12-17 00:00:00+00:00,7.130.96.127,23
2018-12-17 00:00:00+00:00,73.56.132.239,26
2018-12-17 00:00:00+00:00,82.152.51.142,19
2018-12-17 00:00:00+00:00,85.57.147.188,22
2018-12-17 00:00:00+00:00,86.216.10.215,26
2018-12-17 00:00:00+00:00,93.234.244.115,18
2018-12-17 00:00:00+00:00,94.253.193.60,20
2018-12-17 00:00:00+00:00,94.61.40.96,17
2018-12-17 00:00:00+00:00,96.27.125.249,20
2018-12-17 00:00:00+00:00,97.143.176.38,17
2018-12-18 00:00:00+00:00,1.154.134.17,31
2018-12-18 00:00:00+00:00,11.198.40.212,30
2018-12-18 00:00:00+00:00,110.37.3.26,27
2018-12-18 00:00:00+00:00,111.79.165.20,35
2018-12-18 00:00:00+00:00,113.87.133.255,24
2018-12-18 00:00:00+00:00,115.130.188.241,36
2018-12-18 00:00:00+00:00,121.68.244.81,29
2018-12-18 00:00:00+00:00,123.160.170.105,23
2018-12-18 00:00:00+00:00,123.236.78.130,39
2018-12-18 00:00:00+00:00,123.77.168.186,32
2018-12-18 00:00:00+00:00,129.119.248.59,27
2018-12-18 00:00:00+00:00,13.133.69.84,24
2018-12-18 00:00:00+00:00,13.39.66.164,34
2018-12-18 00:00:00+00:00,134.163.42.72,25
2018-12-18 00:00:00+00:00,141.114.186.43,24
2018-12-18 00:00:00+00:00,141.93.110.99,26
2018-12-18 00:00:00+00:00,152.118.66.127,40
2018-12-18 00:00:00+00:00,156.213.103.210,31
2018-12-18 00:00:00+00:00,156.213.169.251,24
2018-12-18 00:00:00+00:00,163.190.79.86,21
2018-12-18 00:00:00+00:00,167.169.43.225,44
2018-12-18 00:00:00+00:00,171.153.133.102,27
2018-12-18 00:00:00+00:00,175.154.124.30,36
2018-12-18 00:00:00+00:00,18.88.240.225,23
2018-12-18 00:00:00+00:00,181.143.83.171,23
2018-12-18 00:00:00+00:00,181.212.50.143,19
2018-12-18 00:00:00+00:00,185.222.57.22,33
2018-12-18 00:00:00+00:00,187.50.19.218,38
2018-12-18 00:00:00+00:00,19.137.237.131,24
2018-12-18 00:00:00+00:00,20.65.214.33,32
2018-12-18 00:00:00+00:00,200.123.14.95,25
2018-12-18 00:00:00+00:00,205.42.201.85,28
2018-12-18 00:00:00+00:00,215.222.110.66,31
2018-12-18 00:00:00+00:00,215.77.34.235,35
2018-12-18 00:00:00+00:00,219.124.137.255,21
2018-12-18 00:00:00+00:00,22.45.193.143,26
2018-12-18 00:00:00+00:00,222.164.27.214,30
2018-12-18 00:00:00+00:00,23.217.107.49,27
2018-12-18 00:00:00+00:00,30.173.229.17,45
2018-12-18 00:00:00+00:00,39.26.232.2,29
2018-12-18 00:00:00+00:00,42.60.75.221,31
2018-12-18 00:00:00+00:00,52.233.196.246,32
2018-12-18 00:00:00+00:00,56.17.187.249,36
2018-12-18 00:00:00+00:00,56.77.30.134,22
2018-12-18 00:00:00+00:00,58.173.231.92,34
2018-12-18 00:00:00+00:00,66.149.123.27,21
2018-12-18 00:00:00+00:00,67.137.197.73,18
2018-12-18 00:00:00+00:00,68.94.57.230,33
2018-12-18 00:00:00+00:00,69.233.216.146,26
2018-12-18 00:00:00+00:00,71.53.5.234,26
2018-12-18 00:00:00+00:00,80.33.229.191,42
2018-12-18 00:00:00+00:00,84.214.130.48,29
2018-12-18 00:00:00+00:00,87.114.204.160,31
2018-12-18 00:00:00+00:00,90.216.197.119,33
2018-12-18 00:00:00+00:00,94.116.145.214,32
2018-12-18 00:00:00+00:00,94.123.55.117,24
2018-12-19 00:00:00+00:00,100.146.229.149,11
2018-12-19 00:00:00+00:00,101.112.131.254,6
2018-12-19 00:00:00+00:00,101.155.66.110,11
2018-12-19 00:00:00+00:00,104.229.163.13,10
2018-12-19 00:00:00+00:00,105.37.27.69,7
2018-12-19 00:00:00+00:00,107.156.9.209,8
2018-12-19 00:00:00+00:00,110.16.134.110,12
2018-12-19 00:00:00+00:00,128.223.77.104,10
2018-12-19 00:00:00+00:00,128.232.193.20,4
2018-12-19 00:00:00+00:00,13.208.232.216,4
2018-12-19 00:00:00+00:00,13.224.205.220,8
2018-12-19 00:00:00+00:00,136.255.167.144,4
2018-12-19 00:00:00+00:00,139.175.117.42,6
2018-12-19 00:00:00+00:00,14.55.137.19,6
2018-12-19 00:00:00+00:00,141.151.93.23,7
2018-12-19 00:00:00+00:00,141.225.80.123,6
2018-12-19 00:00:00+00:00,149.198.252.31,9
2018-12-19 00:00:00+00:00,151.109.116.49,6
2018-12-19 00:00:00+00:00,161.3.229.84,12
2018-12-19 00:00:00+00:00,167.1.157.216,5
2018-12-19 00:00:00+00:00,169.91.69.134,13
2018-12-19 00:00:00+00:00,17.74.103.241,10
2018-12-19 00:00:00+00:00,173.106.234.17,10
2018-12-19 00:00:00+00:00,19.188.34.155,8
2018-12-19 00:00:00+00:00,191.74.193.237,11
2018-12-19 00:00:00+00:00,194.111.6.178,14
2018-12-19 00:00:00+00:00,199.145.110.47,13
2018-12-19 00:00:00+00:00,2.157.138.52,5
2018-12-19 00:00:00+00:00,203.248.235.104,8
2018-12-19 00:00:00+00:00,215.27.176.78,9
2018-12-19 00:00:00+00:00,218.4.191.38,10
2018-12-19 00:00:00+00:00,222.84.159.226,14
2018-12-19 00:00:00+00:00,223.30.151.118,4
2018-12-19 00:00:00+00:00,223.31.162.127,4
2018-12-19 00:00:00+00:00,24.124.255.214,6
2018-12-19 00:00:00+00:00,24.160.192.34,7
2018-12-19 00:00:00+00:00,26.143.141.59,9
2018-12-19 00:00:00+00:00,26.26.64.2,9
2018-12-19 00:00:00+00:00,26.4.41.0,8
2018-12-19 00:00:00+00:00,28.31.11.44,9
2018-12-19 00:00:00+00:00,30.9.4.99,9
2018-12-19 00:00:00+00:00,31.98.105.213,8
2018-12-19 00:00:00+00:00,34.171.239.159,5
2018-12-19 00:00:00+00:00,35.254.67.136,8
2018-12-19 00:00:00+00:00,35.89.65.17,7
2018-12-19 00:00:00+00:00,39.159.221.20,4
2018-12-19 00:00:00+00:00,44.22.72.175,9
2018-12-19 00:00:00+00:00,49.195.182.197,12
2018-12-19 00:00:00+00:00,5.165.143.9,5
2018-12-19 00:00:00+00:00,56.177.66.133,10
2018-12-19 00:00:00+00:00,58.14.4.41,7
2018-12-19 00:00:00+00:00,61.237.225.121,7
2018-12-19 00:00:00+00:00,65.153.58.146,9
2018-12-19 00:00:00+00:00,65.225.147.19,7
2018-12-19 00:00:00+00:00,67.146.163.185,9
2018-12-19 00:00:00+00:00,67.50.81.185,5
2018-12-19 00:00:00+00:00,70.99.249.1,2
2018-12-19 00:00:00+00:00,71.29.208.162,5
2018-12-19 00:00:00+00:00,71.77.212.64,4
2018-12-19 00:00:00+00:00,72.221.112.167,12
2018-12-19 00:00:00+00:00,74.251.65.206,10
2018-12-19 00:00:00+00:00,75.75.232.166,8
2018-12-19 00:00:00+00:00,76.28.239.2,1
2018-12-19 00:00:00+00:00,78.235.239.38,8
2018-12-19 00:00:00+00:00,79.155.159.21,5
2018-12-19 00:00:00+00:00,81.229.160.138,9
2018-12-19 00:00:00+00:00,82.18.35.184,1
2018-12-19 00:00:00+00:00,83.245.69.228,13
2018-12-19 00:00:00+00:00,84.4.222.71,8
2018-12-19 00:00:00+00:00,86.204.36.213,11
2018-12-19 00:00:00+00:00,89.232.219.132,7
2018-12-19 00:00:00+00:00,9.16.73.173,5
2018-12-19 00:00:00+00:00,92.184.130.234,7
2018-12-19 00:00:00+00:00,93.179.74.130,6
2018-12-19 00:00:00+00:00,93.94.119.83,12
2018-12-20 00:00:00+00:00,100.49.169.60,24
2018-12-20 00:00:00+00:00,101.55.164.234,21
2018-12-20 00:00:00+00:00,103.19.245.20,19
2018-12-20 00:00:00+00:00,104.154.181.17,19
2018-12-20 00:00:00+00:00,108.134.93.166,17
2018-12-20 00:00:00+00:00,11.192.8.153,24
2018-12-20 00:00:00+00:00,110.241.234.200,17
2018-12-20 00:00:00+00:00,112.188.221.138,20
2018-12-20 00:00:00+00:00,115.175.190.10,14
2018-12-20 00:00:00+00:00,118.51.1.170,24
2018-12-20 00:00:00+00:00,12.46.35.146,20
2018-12-20 00:00:00+00:00,120.234.0.231,21
2018-12-20 00:00:00+00:00,120.99.231.39,28
2018-12-20 00:00:00+00:00,126.222.172.22,21
2018-12-20 00:00:00+00:00,128.104.176.119,20
2018-12-20 00:00:00+00:00,13.86.218.82,17
2018-12-20 00:00:00+00:00,132.93.155.38,24
2018-12-20 00:00:00+00:00,139.142.48.164,23
2018-12-20 00:00:00+00:00,139.222.126.165,18
2018-12-20 00:00:00+00:00,14.235.224.10,17
2018-12-20 00:00:00+00:00,14.56.72.106,25
2018-12-20 00:00:00+00:00,140.18.48.164,28
2018-12-20 00:00:00+00:00,142.53.190.110,17
2018-12-20 00:00:00+00:00,144.24.96.24,26
2018-12-20 00:00:00+00:00,145.30.20.249,15
2018-12-20 00:00:00+00:00,148.94.12.142,21
2018-12-20 00:00:00+00:00,149.1.166.217,25
2018-12-20 00:00:00+00:00,151.171.130.55,12
2018-12-20 00:00:00+00:00,151.203.28.249,25
2018-12-20 00:00:00+00:00,153.173.149.87,22
2018-12-20 00:00:00+00:00,155.231.167.213,18
2018-12-20 00:00:00+00:00,159.241.72.146,23
2018-12-20 00:00:00+00:00,161.45.61.219,20
2018-12-20 00:00:00+00:00,163.92.205.115,14
2018-12-20 00:00:00+00:00,167.154.8.123,23
2018-12-20 00:00:00+00:00,169.244.60.121,15
2018-12-20 00:00:00+00:00,172.27.142.126,17
2018-12-20 00:00:00+00:00,173.136.59.114,16
2018-12-20 00:00:00+00:00,180.40.116.39,19
2018-12-20 00:00:00+00:00,184.106.23.128,26
2018-12-20 00:00:00+00:00,184.235.105.205,23
2018-12-20 00:00:00+00:00,188.87.23.66,20
2018-12-20 00:00:00+00:00,193.219.117.126,14
2018-12-20 00:00:00+00:00,194.118.21.27,21
2018-12-20 00:00:00+00:00,198.190.137.5,18
2018-12-20 00:00:00+00:00,2.1.135.64,13
2018-12-20 00:00:00+00:00,202.119.75.143,16
2018-12-20 00:00:00+00:00,203.127.195.96,24
2018-12-20 00:00:00+00:00,204.58.64.204,23
2018-12-20 00:00:00+00:00,205.128.181.72,16
2018-12-20 00:00:00+00:00,208.185.108.164,23
2018-12-20 00:00:00+00:00,209.41.209.96,16
2018-12-20 00:00:00+00:00,211.233.82.126,12
2018-12-20 00:00:00+00:00,212.131.36.73,21
2018-12-20 00:00:00+00:00,212.217.175.111,14
2018-12-20 00:00:00+00:00,215.83.53.120,22
2018-12-20 00:00:00+00:00,217.182.128.37,24
2018-12-20 00:00:00+00:00,217.205.157.243,19
2018-12-20 00:00:00+00:00,222.30.230.35,22
2018-12-20 00:00:00+00:00,223.43.112.184,20
2018-12-20 00:00:00+00:00,23.170.61.226,16
2018-12-20 00:00:00+00:00,23.177.192.220,18
2018-12-20 00:00:00+00:00,25.84.143.162,24
2018-12-20 00:00:00+00:00,29.252.69.129,11
2018-12-20 00:00:00+00:00,30.159.40.27,20
2018-12-20 00:00:00+00:00,35.238.207.121,26
2018-12-20 00:00:00+00:00,35.9.149.89,17
2018-12-20 00:00:00+00:00,37.182.136.20,14
2018-12-20 00:00:00+00:00,4.18.8.105,8
2018-12-20 00:00:00+00:00,43.161.108.60,24
2018-12-20 00:00:00+00:00,45.94.145.224,21
2018-12-20 00:00:00+00:00,46.144.147.73,23
2018-12-20 00:00:00+00:00,47.59.224.168,14
2018-12-20 00:00:00+00:00,48.215.130.98,19
2018-12-20 00:00:00+00:00,5.235.189.221,19
2018-12-20 00:00:00+00:00,5.244.179.138,25
2018-12-20 00:00:00+00:00,51.161.155.58,26
2018-12-20 00:00:00+00:00,57.242.204.82,23
2018-12-20 00:00:00+00:00,58.36.220.238,13
2018-12-20 00:00:00+00:00,60.112.213.187,18
2018-12-20 00:00:00+00:00,62.30.42.0,20
2018-12-20 00:00:00+00:00,64.151.35.149,16
2018-12-20 00:00:00+00:00,67.157.201.54,15
2018-12-20 00:00:00+00:00,68.221.172.16,19
2018-12-20 00:00:00+00:00,71.134.25.110,20
2018-12-20 00:00:00+00:00,72.143.66.34,14
2018-12-20 00:00:00+00:00,73.213.112.62,18
2018-12-20 00:00:00+00:00,79.89.99.221,20
2018-12-20 00:00:00+00:00,82.80.214.38,20
2018-12-20 00:00:00+00:00,87.209.3.134,11
2018-12-20 00:00:00+00:00,93.81.26.243,22
2018-12-20 00:00:00+00:00,96.190.238.200,18
2018-12-20 00:00:00+00:00,99.3.29.211,23
2018-12-21 00:00:00+00:00,100.197.88.142,27
2018-12-21 00:00:00+00:00,104.155.172.122,33
2018-12-21 00:00:00+00:00,105.34.144.186,28
2018-12-21 00:00:00+00:00,123.143.11.80,29
2018-12-21 00:00:00+00:00,133.122.47.38,37
2018-12-21 00:00:00+00:00,136.161.110.168,33
2018-12-21 00:00:00+00:00,139.50.142.189,41
2018-12-21 00:00:00+00:00,14.105.48.88,37
2018-12-21 00:00:00+00:00,149.244.149.244,28
2018-12-21 00:00:00+00:00,15.171.66.144,32
2018-12-21 00:00:00+00:00,152.214.235.129,33
2018-12-21 00:00:00+00:00,154.16.247.235,25
2018-12-21 00:00:00+00:00,158.250.3.210,33
2018-12-21 00:00:00+00:00,163.20.200.2,30
2018-12-21 00:00:00+00:00,170.0.44.119,28
2018-12-21 00:00:00+00:00,171.178.140.166,33
2018-12-21 00:00:00+00:00,175.213.30.247,37
2018-12-21 00:00:00+00:00,180.0.234.60,28
2018-12-21 00:00:00+00:00,184.255.112.143,33
2018-12-21 00:00:00+00:00,186.7.107.198,40
2018-12-21 00:00:00+00:00,188.153.36.74,28
2018-12-21 00:00:00+00:00,189.22.135.22,32
2018-12-21 00:00:00+00:00,197.224.127.95,32
2018-12-21 00:00:00+00:00,20.88.132.47,36
2018-12-21 00:00:00+00:00,200.46.230.142,33
2018-12-21 00:00:00+00:00,201.139.205.20,19
2018-12-21 00:00:00+00:00,203.187.120.210,38
2018-12-21 00:00:00+00:00,205.33.99.75,29
2018-12-21 00:00:00+00:00,211.0.81.187,36
2018-12-21 00:00:00+00:00,214.178.1.151,40
2018-12-21 00:00:00+00:00,214.21.242.97,23
2018-12-21 00:00:00+00:00,221.57.182.192,34
2018-12-21 00:00:00+00:00,222.142.129.117,32
2018-12-21 00:00:00+00:00,24.48.61.245,35
2018-12-21 00:00:00+00:00,33.167.179.0,34
2018-12-21 00:00:00+00:00,36.135.128.200,37
2018-12-21 00:00:00+00:00,46.145.123.178,39
2018-12-21 00:00:00+00:00,46.38.86.197,28
2018-12-21 00:00:00+00:00,46.9.37.78,32
2018-12-21 00:00:00+00:00,54.67.52.124,24
2018-12-21 00:00:00+00:00,58.245.80.76,30
2018-12-21 00:00:00+00:00,59.252.63.241,40
2018-12-21 00:00:00+00:00,64.54.195.140,36
2018-12-21 00:00:00+00:00,64.85.17.34,39
2018-12-21 00:00:00+00:00,65.231.208.80,30
2018-12-21 00:00:00+00:00,65.74.98.0,42
2018-12-21 00:00:00+00:00,66.103.63.49,37
2018-12-21 00:00:00+00:00,67.82.227.0,28
2018-12-21 00:00:00+00:00,71.245.174.239,34
2018-12-21 00:00:00+00:00,79.15.56.196,21
2018-12-21 00:00:00+00:00,82.234.184.144,35
2018-12-21 00:00:00+00:00,86.40.161.246,28
2018-12-21 00:00:00+00:00,86.72.213.253,32
2018-12-21 00:00:00+00:00,86.9.140.124,40
2018-12-21 00:00:00+00:00,93.8.243.35,34
2018-12-21 00:00:00+00:00,96.209.54.239,39
2018-12-21 00:00:00+00:00,96.41.15.170,30
2018-12-22 00:00:00+00:00,1.208.19.57,21
2018-12-22 00:00:00+00:00,104.56.52.195,25
2018-12-22 00:00:00+00:00,125.122.8.236,37
2018-12-22 00:00:00+00:00,14.204.140.142,30
2018-12-22 00:00:00+00:00,149.57.66.15,34
2018-12-22 00:00:00+00:00,150.48.173.146,31
2018-12-22 00:00:00+00:00,155.15.16.230,29
2018-12-22 00:00:00+00:00,155.240.28.130,34
2018-12-22 00:00:00+00:00,158.133.30.92,39
2018-12-22 00:00:00+00:00,16.228.253.193,29
2018-12-22 00:00:00+00:00,17.173.168.1,33
2018-12-22 00:00:00+00:00,17.243.217.89,30
2018-12-22 00:00:00+00:00,17.52.166.111,37
2018-12-22 00:00:00+00:00,171.230.247.195,28
2018-12-22 00:00:00+00:00,173.162.253.227,27
2018-12-22 00:00:00+00:00,18.92.223.118,26
2018-12-22 00:00:00+00:00,181.226.63.114,29
2018-12-22 00:00:00+00:00,183.134.171.175,35
2018-12-22 00:00:00+00:00,184.174.200.130,25
2018-12-22 00:00:00+00:00,185.56.16.78,27
2018-12-22 00:00:00+00:00,187.63.90.140,35
2018-12-22 00:00:00+00:00,19.21.43.147,21
2018-12-22 00:00:00+00:00,192.84.135.247,45
2018-12-22 00:00:00+00:00,197.101.32.40,29
2018-12-22 00:00:00+00:00,2.33.0.132,35
2018-12-22 00:00:00+00:00,202.178.200.46,33
2018-12-22 00:00:00+00:00,221.7.238.163,41
2018-12-22 00:00:00+00:00,29.244.102.29,37
2018-12-22 00:00:00+00:00,30.240.17.253,29
2018-12-22 00:00:00+00:00,33.115.15.223,40
2018-12-22 00:00:00+00:00,34.131.240.228,29
2018-12-22 00:00:00+00:00,38.118.65.190,34
2018-12-22 00:00:00+00:00,44.232.68.253,28
2018-12-22 00:00:00+00:00,45.149.212.248,26
2018-12-22 00:00:00+00:00,5.30.47.71,40
2018-12-22 00:00:00+00:00,5.44.85.142,26
2018-12-22 00:00:00+00:00,54.54.35.227,30
2018-12-22 00:00:00+00:00,56.14.239.237,33
2018-12-22 00:00:00+00:00,57.150.35.197,37
2018-12-22 00:00:00+00:00,6.16.13.181,32
2018-12-22 00:00:00+00:00,61.110.142.241,20
2018-12-22 00:00:00+00:00,65.180.187.249,22
2018-12-22 00:00:00+00:00,66.117.146.110,33
2018-12-22 00:00:00+00:00,68.17.242.197,41
2018-12-22 00:00:00+00:00,68.250.254.118,27
2018-12-22 00:00:00+00:00,70.242.43.181,20
2018-12-22 00:00:00+00:00,73.168.16.73,32
2018-12-22 00:00:00+00:00,73.74.89.229,23
2018-12-22 00:00:00+00:00,75.21.28.119,28
2018-12-22 00:00:00+00:00,77.215.37.247,42
2018-12-22 00:00:00+00:00,80.107.95.46,31
2018-12-22 00:00:00+00:00,81.229.115.102,20
2018-12-22 00:00:00+00:00,82.20.61.247,33
2018-12-22 00:00:00+00:00,85.177.95.117,29
2018-12-22 00:00:00+00:00,87.205.213.24,32
2018-12-22 00:00:00+00:00,88.203.212.21,27
2018-12-22 00:00:00+00:00,9.140.44.242,28
2018-12-22 00:00:00+00:00,90.129.200.208,37
2018-12-22 00:00:00+00:00,90.228.127.194,29
2018-12-22 00:00:00+00:00,96.166.175.71,42
2018-12-22 00:00:00+00:00,98.106.144.71,32
2018-12-23 00:00:00+00:00,100.252.114.13,15
2018-12-23 00:00:00+00:00,101.146.171.90,13
2018-12-23 00:00:00+00:00,104.72.36.143,15
2018-12-23 00:00:00+00:00,105.181.245.7,11
2018-12-23 00:00:00+00:00,107.161.231.101,15
2018-12-23 00:00:00+00:00,110.195.171.14,13
2018-12-23 00:00:00+00:00,115.17.79.161,5
2018-12-23 00:00:00+00:00,116.36.33.172,16
2018-12-23 00:00:00+00:00,116.77.113.34,14
2018-12-23 00:00:00+00:00,119.234.131.209,16
2018-12-23 00:00:00+00:00,129.248.178.222,15
2018-12-23 00:00:00+00:00,133.221.26.18,12
2018-12-23 00:00:00+00:00,133.241.210.224,11
2018-12-23 00:00:00+00:00,135.169.118.85,16
2018-12-23 00:00:00+00:00,14.142.247.202,14
2018-12-23 00:00:00+00:00,144.168.53.99,10
2018-12-23 00:00:00+00:00,158.218.125.236,18
2018-12-23 00:00:00+00:00,172.179.167.123,20
2018-12-23 00:00:00+00:00,187.204.144.13,14
2018-12-23 00:00:00+00:00,191.215.197.33,10
2018-12-23 00:00:00+00:00,191.61.196.79,12
2018-12-23 00:00:00+00:00,193.175.201.187,7
2018-12-23 00:00:00+00:00,195.65.250.240,17
2018-12-23 00:00:00+00:00,198.176.180.186,16
2018-12-23 00:00:00+00:00,199.13.22.249,12
2018-12-23 00:00:00+00:00,202.183.229.235,23
2018-12-23 00:00:00+00:00,203.155.102.63,6
2018-12-23 00:00:00+00:00,205.160.190.18,12
2018-12-23 00:00:00+00:00,215.180.196.217,8
2018-12-23 00:00:00+00:00,216.168.60.248,16
2018-12-23 00:00:00+00:00,216.62.137.226,17
2018-12-23 00:00:00+00:00,218.59.141.96,13
2018-12-23 00:00:00+00:00,219.32.192.254,10
2018-12-23 00:00:00+00:00,221.58.24.213,14
2018-12-23 00:00:00+00:00,27.68.109.79,15
2018-12-23 00:00:00+00:00,33.224.113.59,16
2018-12-23 00:00:00+00:00,34.167.243.84,13
2018-12-23 00:00:00+00:00,35.156.240.176,19
2018-12-23 00:00:00+00:00,39.192.9.174,11
2018-12-23 00:00:00+00:00,52.203.95.112,9
2018-12-23 00:00:00+00:00,53.143.207.11,19
2018-12-23 00:00:00+00:00,53.67.227.4,16
2018-12-23 00:00:00+00:00,56.15.68.56,11
2018-12-23 00:00:00+00:00,63.121.105.189,10
2018-12-23 00:00:00+00:00,63.201.87.58,10
2018-12-23 00:00:00+00:00,63.210.139.36,15
2018-12-23 00:00:00+00:00,67.48.110.153,8
2018-12-23 00:00:00+00:00,76.30.71.221,14
2018-12-23 00:00:00+00:00,76.41.80.153,13
2018-12-23 00:00:00+00:00,81.12.245.31,15
2018-12-23 00:00:00+00:00,86.153.217.151,11
2018-12-23 00:00:00+00:00,88.4.145.137,6
2018-12-23 00:00:00+00:00,89.13.190.25,14
2018-12-24 00:00:00+00:00,100.251.59.9,19
2018-12-24 00:00:00+00:00,101.225.219.59,15
2018-12-24 00:00:00+00:00,106.111.82.5,24
2018-12-24 00:00:00+00:00,109.167.183.216,17
2018-12-24 00:00:00+00:00,11.0.199.191,23
2018-12-24 00:00:00+00:00,113.162.126.192,17
2018-12-24 00:00:00+00:00,114.4.36.212,17
2018-12-24 00:00:00+00:00,117.243.244.172,23
2018-12-24 00:00:00+00:00,12.87.176.176,15
2018-12-24 00:00:00+00:00,120.10.74.229,14
2018-12-24 00:00:00+00:00,124.161.220.91,18
2018-12-24 00:00:00+00:00,131.206.170.60,21
2018-12-24 00:00:00+00:00,133.113.152.138,22
2018-12-24 00:00:00+00:00,136.6.6.25,22
2018-12-24 00:00:00+00:00,139.14.208.21,21
2018-12-24 00:00:00+00:00,139.191.145.143,20
2018-12-24 00:00:00+00:00,143.168.22.5,19
2018-12-24 00:00:00+00:00,146.34.203.120,22
2018-12-24 00:00:00+00:00,149.198.82.179,23
2018-12-24 00:00:00+00:00,153.86.181.50,28
2018-12-24 00:00:00+00:00,155.252.227.217,16
2018-12-24 00:00:00+00:00,158.180.153.236,21
2018-12-24 00:00:00+00:00,16.205.209.182,13
2018-12-24 00:00:00+00:00,160.11.62.119,21
2018-12-24 00:00:00+00:00,160.148.18.143,20
2018-12-24 00:00:00+00:00,160.173.250.134,24
2018-12-24 00:00:00+00:00,160.182.186.32,22
2018-12-24 00:00:00+00:00,161.43.16.205,30
2018-12-24 00:00:00+00:00,163.180.163.121,9
2018-12-24 00:00:00+00:00,164.113.87.225,20
2018-12-24 00:00:00+00:00,164.128.62.99,19
2018-12-24 00:00:00+00:00,165.128.69.195,24
2018-12-24 00:00:00+00:00,168.40.193.196,18
2018-12-24 00:00:00+00:00,169.156.184.130,24
2018-12-24 00:00:00+00:00,170.138.26.181,20
2018-12-24 00:00:00+00:00,175.84.160.236,21
2018-12-24 00:00:00+00:00,178.69.254.88,15
2018-12-24 00:00:00+00:00,18.132.135.91,18
2018-12-24 00:00:00+00:00,182.12.146.184,17
2018-12-24 00:00:00+00:00,187.116.216.105,20
2018-12-24 00:00:00+00:00,19.192.244.123,25
2018-12-24 00:00:00+00:00,193.32.204.235,21
2018-12-24 00:00:00+00:00,193.48.209.176,22
2018-12-24 00:00:00+00:00,196.187.249.16,14
2018-12-24 00:00:00+00:00,2.23.237.160,27
2018-12-24 00:00:00+00:00,201.233.98.99,15
2018-12-24 00:00:00+00:00,204.222.81.138,22
2018-12-24 00:00:00+00:00,21.143.215.190,24
2018-12-24 00:00:00+00:00,210.42.140.213,20
2018-12-24 00:00:00+00:00,210.71.121.114,23
2018-12-24 00:00:00+00:00,211.37.224.196,27
2018-12-24 00:00:00+00:00,211.88.232.139,11
2018-12-24 00:00:00+00:00,213.223.132.152,22
2018-12-24 00:00:00+00:00,213.247.106.80,23
2018-12-24 00:00:00+00:00,214.7.146.36,19
2018-12-24 00:00:00+00:00,216.240.210.34,20
2018-12-24 00:00:00+00:00,217.102.118.110,22
2018-12-24 00:00:00+00:00,218.127.244.22,21
2018-12-24 00:00:00+00:00,219.69.224.161,33
2018-12-24 00:00:00+00:00,222.124.179.203,26
2018-12-24 00:00:00+00:00,27.183.175.157,12
2018-12-24 00:00:00+00:00,3.100.213.25,29
2018-12-24 00:00:00+00:00,35.56.13.175,25
2018-12-24 00:00:00+00:00,45.227.205.53,16
2018-12-24 00:00:00+00:00,47.229.108.73,14
2018-12-24 00:00:00+00:00,49.20.108.31,14
2018-12-24 00:00:00+00:00,52.69.243.9,18
2018-12-24 00:00:00+00:00,53.1.136.137,16
2018-12-24 00:00:00+00:00,53.92.170.49,16
2018-12-24 00:00:00+00:00,57.162.132.15,19
2018-12-24 00:00:00+00:00,57.216.25.231,29
2018-12-24 00:00:00+00:00,66.195.98.66,23
2018-12-24 00:00:00+00:00,66.242.255.81,13
2018-12-24 00:00:00+00:00,68.1.3.214,21
2018-12-24 00:00:00+00:00,68.66.33.28,21
2018-12-24 00:00:00+00:00,69.251.230.160,21
2018-12-24 00:00:00+00:00,69.29.220.106,20
2018-12-24 00:00:00+00:00,7.3.102.199,17
2018-12-24 00:00:00+00:00,78.142.161.100,17
2018-12-24 00:00:00+00:00,84.108.230.186,25
2018-12-24 00:00:00+00:00,84.42.241.218,18
2018-12-24 00:00:00+00:00,90.106.10.113,15
2018-12-24 00:00:00+00:00,93.101.219.247,24
2018-12-24 00:00:00+00:00,96.179.159.112,20
2018-12-24 00:00:00+00:00,98.218.231.25,21
2018-12-25 00:00:00+00:00,1.182.239.20,24
2018-12-25 00:00:00+00:00,11.84.21.212,21
2018-12-25 00:00:00+00:00,112.179.221.49,22
2018-12-25 00:00:00+00:00,112.36.52.38,18
2018-12-25 00:00:00+00:00,113.117.121.111,16
2018-12-25 00:00:00+00:00,115.241.121.163,22
2018-12-25 00:00:00+00:00,118.100.178.241,22
2018-12-25 00:00:00+00:00,120.138.59.197,26
2018-12-25 00:00:00+00:00,123.122.10.35,17
2018-12-25 00:00:00+00:00,125.164.42.118,11
2018-12-25 00:00:00+00:00,125.22.64.243,36
2018-12-25 00:00:00+00:00,126.44.36.121,23
2018-12-25 00:00:00+00:00,129.215.183.169,22
2018-12-25 00:00:00+00:00,13.175.77.66,19
2018-12-25 00:00:00+00:00,131.42.124.137,20
2018-12-25 00:00:00+00:00,139.43.232.56,22
2018-12-25 00:00:00+00:00,141.89.224.211,18
2018-12-25 00:00:00+00:00,150.78.2.82,13
2018-12-25 00:00:00+00:00,151.156.254.100,25
2018-12-25 00:00:00+00:00,160.188.19.201,17
2018-12-25 00:00:00+00:00,161.183.70.33,20
2018-12-25 00:00:00+00:00,169.213.237.178,19
2018-12-25 00:00:00+00:00,171.232.61.149,23
2018-12-25 00:00:00+00:00,172.104.181.31,32
2018-12-25 00:00:00+00:00,172.163.12.56,15
2018-12-25 00:00:00+00:00,174.66.62.130,9
2018-12-25 00:00:00+00:00,175.174.70.118,18
2018-12-25 00:00:00+00:00,180.110.150.25,21
2018-12-25 00:00:00+00:00,183.125.75.12,21
2018-12-25 00:00:00+00:00,183.230.225.205,23
2018-12-25 00:00:00+00:00,184.90.134.118,18
2018-12-25 00:00:00+00:00,186.247.154.173,22
2018-12-25 00:00:00+00:00,189.181.240.250,15
2018-12-25 00:00:00+00:00,190.123.64.32,14
2018-12-25 00:00:00+00:00,200.17.218.122,27
2018-12-25 00:00:00+00:00,203.128.163.67,20
2018-12-25 00:00:00+00:00,204.38.184.154,24
2018-12-25 00:00:00+00:00,205.88.139.41,25
2018-12-25 00:00:00+00:00,207.208.219.60,17
2018-12-25 00:00:00+00:00,209.171.153.239,24
2018-12-25 00:00:00+00:00,209.255.167.223,22
2018-12-25 00:00:00+00:00,211.40.76.129,20
2018-12-25 00:00:00+00:00,215.245.56.252,26
2018-12-25 00:00:00+00:00,216.237.111.193,24
2018-12-25 00:00:00+00:00,223.160.48.254,19
2018-12-25 00:00:00+00:00,223.184.191.150,21
2018-12-25 00:00:00+00:00,29.171.58.146,12
2018-12-25 00:00:00+00:00,29.3.126.171,20
2018-12-25 00:00:00+00:00,32.133.77.139,21
2018-12-25 00:00:00+00:00,32.249.247.22,24
2018-12-25 00:00:00+00:00,35.252.75.142,16
2018-12-25 00:00:00+00:00,37.93.200.28,22
2018-12-25 00:00:00+00:00,39.154.165.59,20
2018-12-25 00:00:00+00:00,4.240.120.211,16
2018-12-25 00:00:00+00:00,47.194.84.212,28
2018-12-25 00:00:00+00:00,55.231.172.160,19
2018-12-25 00:00:00+00:00,57.101.152.16,33
2018-12-25 00:00:00+00:00,59.96.134.17,24
2018-12-25 00:00:00+00:00,60.3.50.177,20
2018-12-25 00:00:00+00:00,63.172.133.31,22
2018-12-25 00:00:00+00:00,64.160.106.245,21
2018-12-25 00:00:00+00:00,66.27.248.134,13
2018-12-25 00:00:00+00:00,72.214.59.63,17
2018-12-25 00:00:00+00:00,75.239.32.223,26
2018-12-25 00:00:00+00:00,76.5.171.62,25
2018-12-25 00:00:00+00:00,76.78.4.214,24
2018-12-25 00:00:00+00:00,82.26.43.123,13
2018-12-25 00:00:00+00:00,86.242.151.16,19
2018-12-25 00:00:00+00:00,9.38.101.229,17
2018-12-25 00:00:00+00:00,90.106.214.69,17
2018-12-25 00:00:00+00:00,91.86.44.82,25
2018-12-25 00:00:00+00:00,94.97.44.150,23
2018-12-26 00:00:00+00:00,1.162.87.102,14
2018-12-26 00:00:00+00:00,1.78.70.192,13
2018-12-26 00:00:00+00:00,10.155.142.90,17
2018-12-26 00:00:00+00:00,109.198.135.203,6
2018-12-26 00:00:00+00:00,110.107.30.44,18
2018-12-26 00:00:00+00:00,111.184.75.40,12
2018-12-26 00:00:00+00:00,112.203.220.126,10
2018-12-26 00:00:00+00:00,120.205.248.101,12
2018-12-26 00:00:00+00:00,122.132.239.16,18
2018-12-26 00:00:00+00:00,122.245.107.98,14
2018-12-26 00:00:00+00:00,124.116.146.55,9
2018-12-26 00:00:00+00:00,13.243.36.57,7
2018-12-26 00:00:00+00:00,132.37.83.245,11
2018-12-26 00:00:00+00:00,133.121.167.105,8
2018-12-26 00:00:00+00:00,134.169.161.15,13
2018-12-26 00:00:00+00:00,140.35.229.210,16
2018-12-26 00:00:00+00:00,146.82.234.57,13
2018-12-26 00:00:00+00:00,15.154.144.64,22
2018-12-26 00:00:00+00:00,15.210.179.24,14
2018-12-26 00:00:00+00:00,151.64.94.51,12
2018-12-26 00:00:00+00:00,156.66.214.98,14
2018-12-26 00:00:00+00:00,163.191.3.110,16
2018-12-26 00:00:00+00:00,163.24.84.239,14
2018-12-26 00:00:00+00:00,164.12.198.215,10
2018-12-26 00:00:00+00:00,164.189.145.223,12
2018-12-26 00:00:00+00:00,17.157.79.22,10
2018-12-26 00:00:00+00:00,17.62.71.137,10
2018-12-26 00:00:00+00:00,177.23.170.7,13
2018-12-26 00:00:00+00:00,177.3.184.28,16
2018-12-26 00:00:00+00:00,18.51.17.66,11
2018-12-26 00:00:00+00:00,180.179.8.175,7
2018-12-26 00:00:00+00:00,180.232.236.179,11
2018-12-26 00:00:00+00:00,184.228.109.41,13
2018-12-26 00:00:00+00:00,186.52.0.208,9
2018-12-26 00:00:00+00:00,2.2.49.199,10
2018-12-26 00:00:00+00:00,214.48.153.92,12
2018-12-26 00:00:00+00:00,216.177.48.49,7
2018-12-26 00:00:00+00:00,218.243.172.167,14
2018-12-26 00:00:00+00:00,223.116.157.47,14
2018-12-26 00:00:00+00:00,23.151.71.244,12
2018-12-26 00:00:00+00:00,23.65.108.125,23
2018-12-26 00:00:00+00:00,27.104.121.213,16
2018-12-26 00:00:00+00:00,34.75.177.30,15
2018-12-26 00:00:00+00:00,41.180.80.123,22
2018-12-26 00:00:00+00:00,41.211.139.173,11
2018-12-26 00:00:00+00:00,45.225.238.31,10
2018-12-26 00:00:00+00:00,46.237.50.232,12
2018-12-26 00:00:00+00:00,47.231.47.194,11
2018-12-26 00:00:00+00:00,5.206.52.59,11
2018-12-26 00:00:00+00:00,50.185.123.122,15
2018-12-26 00:00:00+00:00,52.240.144.183,17
2018-12-26 00:00:00+00:00,53.177.133.158,10
2018-12-26 00:00:00+00:00,55.156.81.22,13
2018-12-26 00:00:00+00:00,58.105.21.92,17
2018-12-26 00:00:00+00:00,62.224.0.15,10
2018-12-26 00:00:00+00:00,62.71.248.181,13
2018-12-26 00:00:00+00:00,63.100.165.158,14
2018-12-26 00:00:00+00:00,65.166.109.206,17
2018-12-26 00:00:00+00:00,72.94.202.253,10
2018-12-26 00:00:00+00:00,74.4.139.122,9
2018-12-26 00:00:00+00:00,77.6.19.24,9
2018-12-26 00:00:00+00:00,81.101.146.144,15
2018-12-26 00:00:00+00:00,85.43.137.143,12
2018-12-26 00:00:00+00:00,86.116.140.10,11
2018-12-26 00:00:00+00:00,86.42.44.139,12
2018-12-26 00:00:00+00:00,90.215.234.168,5
2018-12-26 00:00:00+00:00,91.65.214.207,15
2018-12-26 00:00:00+00:00,94.72.212.201,12
2018-12-26 00:00:00+00:00,96.177.141.40,12
2018-12-26 00:00:00+00:00,98.104.130.114,24
2018-12-27 00:00:00+00:00,100.249.194.228,35
2018-12-27 00:00:00+00:00,105.71.113.39,29
2018-12-27 00:00:00+00:00,117.139.128.171,21
2018-12-27 00:00:00+00:00,118.101.182.69,29
2018-12-27 00:00:00+00:00,122.74.42.149,21
2018-12-27 00:00:00+00:00,123.187.72.46,29
2018-12-27 00:00:00+00:00,133.200.206.215,28
2018-12-27 00:00:00+00:00,135.131.84.159,27
2018-12-27 00:00:00+00:00,140.168.166.104,28
2018-12-27 00:00:00+00:00,141.135.169.186,34
2018-12-27 00:00:00+00:00,144.151.107.123,39
2018-12-27 00:00:00+00:00,145.149.114.79,33
2018-12-27 00:00:00+00:00,145.240.233.50,23
2018-12-27 00:00:00+00:00,146.32.163.138,25
2018-12-27 00:00:00+00:00,148.103.99.133,19
2018-12-27 00:00:00+00:00,149.203.140.252,26
2018-12-27 00:00:00+00:00,15.86.188.6,25
2018-12-27 00:00:00+00:00,150.106.0.75,22
2018-12-27 00:00:00+00:00,151.123.162.143,40
2018-12-27 00:00:00+00:00,155.109.225.216,21
2018-12-27 00:00:00+00:00,159.206.159.209,38
2018-12-27 00:00:00+00:00,163.60.232.177,24
2018-12-27 00:00:00+00:00,164.120.217.186,27
2018-12-27 00:00:00+00:00,166.22.78.99,33
2018-12-27 00:00:00+00:00,17.141.34.210,31
2018-12-27 00:00:00+00:00,171.82.157.218,40
2018-12-27 00:00:00+00:00,172.127.157.84,32
2018-12-27 00:00:00+00:00,172.32.193.90,29
2018-12-27 00:00:00+00:00,175.161.185.27,35
2018-12-27 00:00:00+00:00,177.111.221.9,28
2018-12-27 00:00:00+00:00,177.48.166.74,26
2018-12-27 00:00:00+00:00,18.14.7.164,38
2018-12-27 00:00:00+00:00,18.218.52.221,24
2018-12-27 00:00:00+00:00,18.249.98.28,31
2018-12-27 00:00:00+00:00,187.207.200.55,30
2018-12-27 00:00:00+00:00,187.78.175.0,27
2018-12-27 00:00:00+00:00,19.20.97.228,32
2018-12-27 00:00:00+00:00,190.194.125.56,30
2018-12-27 00:00:00+00:00,192.254.183.69,38
2018-12-27 00:00:00+00:00,192.69.181.214,30
2018-12-27 00:00:00+00:00,193.6.120.26,36
2018-12-27 00:00:00+00:00,207.187.168.61,44
2018-12-27 00:00:00+00:00,208.95.83.166,29
2018-12-27 00:00:00+00:00,220.255.242.114,33
2018-12-27 00:00:00+00:00,25.210.74.112,35
2018-12-27 00:00:00+00:00,27.254.181.101,28
2018-12-27 00:00:00+00:00,31.242.227.66,27
2018-12-27 00:00:00+00:00,34.167.143.45,30
2018-12-27 00:00:00+00:00,4.40.27.9,37
2018-12-27 00:00:00+00:00,45.101.223.233,35
2018-12-27 00:00:00+00:00,46.181.238.30,22
2018-12-27 00:00:00+00:00,47.57.29.183,21
2018-12-27 00:00:00+00:00,55.165.80.1,29
2018-12-27 00:00:00+00:00,56.202.104.168,25
2018-12-27 00:00:00+00:00,62.146.162.169,24
2018-12-27 00:00:00+00:00,64.70.192.122,26
2018-12-27 00:00:00+00:00,67.85.78.84,22
2018-12-27 00:00:00+00:00,69.7.128.149,22
2018-12-27 00:00:00+00:00,72.245.171.38,29
2018-12-27 00:00:00+00:00,73.18.45.199,40
2018-12-27 00:00:00+00:00,78.89.48.96,22
2018-12-27 00:00:00+00:00,82.76.132.147,28
2018-12-27 00:00:00+00:00,90.55.41.108,30
2018-12-27 00:00:00+00:00,92.170.1.139,28
2018-12-27 00:00:00+00:00,97.250.135.254,33
2018-12-28 00:00:00+00:00,1.217.0.42,26
2018-12-28 00:00:00+00:00,100.176.234.181,25
2018-12-28 00:00:00+00:00,102.153.196.184,36
2018-12-28 00:00:00+00:00,104.146.153.58,18
2018-12-28 00:00:00+00:00,107.77.138.121,30
2018-12-28 00:00:00+00:00,109.206.206.253,17
2018-12-28 00:00:00+00:00,112.73.168.196,20
2018-12-28 00:00:00+00:00,126.46.95.134,18
2018-12-28 00:00:00+00:00,131.61.123.168,19
2018-12-28 00:00:00+00:00,131.96.45.124,21
2018-12-28 00:00:00+00:00,133.116.246.187,30
2018-12-28 00:00:00+00:00,140.152.212.84,21
2018-12-28 00:00:00+00:00,143.243.108.213,29
2018-12-28 00:00:00+00:00,145.16.68.191,25
2018-12-28 00:00:00+00:00,148.156.30.72,18
2018-12-28 00:00:00+00:00,148.223.202.77,23
2018-12-28 00:00:00+00:00,150.244.21.60,26
2018-12-28 00:00:00+00:00,150.72.46.235,29
2018-12-28 00:00:00+00:00,152.166.116.91,22
2018-12-28 00:00:00+00:00,155.149.154.74,20
2018-12-28 00:00:00+00:00,155.87.97.107,20
2018-12-28 00:00:00+00:00,158.188.79.23,30
2018-12-28 00:00:00+00:00,16.124.244.51,23
2018-12-28 00:00:00+00:00,164.9.192.198,23
2018-12-28 00:00:00+00:00,166.206.109.131,24
2018-12-28 00:00:00+00:00,167.136.148.58,28
2018-12-28 00:00:00+00:00,168.188.67.53,17
2018-12-28 00:00:00+00:00,17.92.114.144,27
2018-12-28 00:00:00+00:00,171.59.64.5,29
2018-12-28 00:00:00+00:00,174.8.94.189,20
2018-12-28 00:00:00+00:00,176.152.20.119,21
2018-12-28 00:00:00+00:00,180.157.65.198,23
2018-12-28 00:00:00+00:00,184.41.251.51,23
2018-12-28 00:00:00+00:00,187.236.238.220,26
2018-12-28 00:00:00+00:00,190.217.20.26,20
2018-12-28 00:00:00+00:00,195.69.146.70,22
2018-12-28 00:00:00+00:00,201.141.66.2,25
2018-12-28 00:00:00+00:00,205.240.128.195,21
2018-12-28 00:00:00+00:00,206.227.232.135,22
2018-12-28 00:00:00+00:00,206.79.16.79,22
2018-12-28 00:00:00+00:00,206.97.182.132,20
2018-12-28 00:00:00+00:00,207.244.170.149,32
2018-12-28 00:00:00+00:00,208.234.130.103,33
2018-12-28 00:00:00+00:00,209.155.229.82,25
2018-12-28 00:00:00+00:00,209.64.225.239,24
2018-12-28 00:00:00+00:00,211.123.37.153,21
2018-12-28 00:00:00+00:00,212.72.179.252,26
2018-12-28 00:00:00+00:00,22.33.82.32,22
2018-12-28 00:00:00+00:00,220.160.184.212,12
2018-12-28 00:00:00+00:00,23.100.75.23,16
2018-12-28 00:00:00+00:00,26.130.61.109,32
2018-12-28 00:00:00+00:00,33.234.251.62,17
2018-12-28 00:00:00+00:00,33.84.141.237,22
2018-12-28 00:00:00+00:00,36.156.142.171,24
2018-12-28 00:00:00+00:00,36.99.152.122,27
2018-12-28 00:00:00+00:00,38.37.194.13,20
2018-12-28 00:00:00+00:00,45.88.235.250,25
2018-12-28 00:00:00+00:00,54.146.102.79,16
2018-12-28 00:00:00+00:00,58.171.72.149,29
2018-12-28 00:00:00+00:00,6.154.128.122,32
2018-12-28 00:00:00+00:00,61.164.211.238,30
2018-12-28 00:00:00+00:00,62.200.1.62,19
2018-12-28 00:00:00+00:00,64.175.27.209,30
2018-12-28 00:00:00+00:00,65.53.22.249,20
2018-12-28 00:00:00+00:00,69.212.133.179,26
2018-12-28 00:00:00+00:00,7.154.53.153,21
2018-12-28 00:00:00+00:00,76.55.52.9,26
2018-12-28 00:00:00+00:00,76.64.165.115,20
2018-12-28 00:00:00+00:00,79.31.126.38,24
2018-12-28 00:00:00+00:00,86.156.8.173,21
2018-12-28 00:00:00+00:00,86.61.230.190,21
2018-12-28 00:00:00+00:00,88.216.123.24,14
2018-12-28 00:00:00+00:00,9.115.113.177,17
2018-12-28 00:00:00+00:00,9.198.198.67,28
2018-12-28 00:00:00+00:00,90.175.55.167,20
2018-12-28 00:00:00+00:00,91.158.138.123,29
2018-12-28 00:00:00+00:00,91.7.198.200,26
2018-12-28 00:00:00+00:00,94.36.167.2,23
2018-12-28 00:00:00+00:00,94.94.235.202,20
2018-12-28 00:00:00+00:00,98.121.214.49,27
2018-12-28 00:00:00+00:00,98.177.28.6,18
2018-12-29 00:00:00+00:00,1.123.224.71,26
2018-12-29 00:00:00+00:00,104.60.38.224,22
2018-12-29 00:00:00+00:00,107.119.94.10,33
2018-12-29 00:00:00+00:00,112.18.56.193,37
2018-12-29 00:00:00+00:00,121.233.69.98,32
2018-12-29 00:00:00+00:00,123.79.147.255,35
2018-12-29 00:00:00+00:00,125.169.204.205,30
2018-12-29 00:00:00+00:00,133.218.68.37,30
2018-12-29 00:00:00+00:00,135.54.245.132,32
2018-12-29 00:00:00+00:00,136.29.73.73,31
2018-12-29 00:00:00+00:00,144.51.75.232,33
2018-12-29 00:00:00+00:00,145.139.4.189,30
2018-12-29 00:00:00+00:00,146.123.71.240,38
2018-12-29 00:00:00+00:00,149.216.235.226,35
2018-12-29 00:00:00+00:00,15.190.59.61,29
2018-12-29 00:00:00+00:00,150.179.58.115,28
2018-12-29 00:00:00+00:00,151.25.221.164,33
2018-12-29 00:00:00+00:00,156.248.242.46,28
2018-12-29 00:00:00+00:00,157.60.88.250,30
2018-12-29 00:00:00+00:00,160.138.44.194,36
2018-12-29 00:00:00+00:00,161.105.114.228,35
2018-12-29 00:00:00+00:00,165.96.112.19,35
2018-12-29 00:00:00+00:00,168.67.55.158,26
2018-12-29 00:00:00+00:00,171.120.217.76,35
2018-12-29 00:00:00+00:00,171.213.206.33,37
2018-12-29 00:00:00+00:00,18.220.61.103,34
2018-12-29 00:00:00+00:00,181.220.203.88,28
2018-12-29 00:00:00+00:00,182.14.44.180,29
2018-12-29 00:00:00+00:00,185.132.221.226,25
2018-12-29 00:00:00+00:00,189.164.181.76,34
2018-12-29 00:00:00+00:00,192.235.233.22,33
2018-12-29 00:00:00+00:00,195.43.68.178,26
2018-12-29 00:00:00+00:00,196.52.197.135,30
2018-12-29 00:00:00+00:00,199.26.47.89,28
2018-12-29 00:00:00+00:00,201.221.193.122,28
2018-12-29 00:00:00+00:00,201.250.113.29,36
2018-12-29 00:00:00+00:00,204.230.35.202,36
2018-12-29 00:00:00+00:00,205.219.249.95,32
2018-12-29 00:00:00+00:00,206.252.161.9,30
2018-12-29 00:00:00+00:00,21.156.79.236,40
2018-12-29 00:00:00+00:00,212.221.222.252,31
2018-12-29 00:00:00+00:00,213.235.49.27,33
2018-12-29 00:00:00+00:00,214.128.98.105,29
2018-12-29 00:00:00+00:00,220.41.114.93,28
2018-12-29 00:00:00+00:00,24.47.43.234,29
2018-12-29 00:00:00+00:00,26.100.56.27,27
2018-12-29 00:00:00+00:00,29.216.215.95,29
2018-12-29 00:00:00+00:00,34.120.81.225,29
2018-12-29 00:00:00+00:00,36.82.177.252,35
2018-12-29 00:00:00+00:00,38.23.137.191,40
2018-12-29 00:00:00+00:00,38.66.13.172,28
2018-12-29 00:00:00+00:00,40.198.86.253,33
2018-12-29 00:00:00+00:00,42.238.251.143,30
2018-12-29 00:00:00+00:00,49.162.139.79,26
2018-12-29 00:00:00+00:00,53.139.133.25,24
2018-12-29 00:00:00+00:00,55.133.12.109,34
2018-12-29 00:00:00+00:00,68.105.111.33,30
2018-12-29 00:00:00+00:00,68.141.60.198,26
2018-12-29 00:00:00+00:00,7.182.124.205,31
2018-12-29 00:00:00+00:00,75.159.225.233,37
2018-12-29 00:00:00+00:00,79.195.242.8,40
2018-12-29 00:00:00+00:00,84.152.68.139,33
2018-12-29 00:00:00+00:00,91.112.242.25,29
2018-12-30 00:00:00+00:00,101.13.150.248,26
2018-12-30 00:00:00+00:00,104.93.129.102,32
2018-12-30 00:00:00+00:00,106.73.250.154,25
2018-12-30 00:00:00+00:00,115.246.16.26,31
2018-12-30 00:00:00+00:00,116.106.243.176,41
2018-12-30 00:00:00+00:00,122.174.144.141,45
2018-12-30 00:00:00+00:00,135.11.207.254,43
2018-12-30 00:00:00+00:00,139.155.161.217,30
2018-12-30 00:00:00+00:00,144.93.48.81,34
2018-12-30 00:00:00+00:00,145.164.170.139,38
2018-12-30 00:00:00+00:00,15.250.110.139,40
2018-12-30 00:00:00+00:00,150.5.6.99,34
2018-12-30 00:00:00+00:00,152.177.134.247,28
2018-12-30 00:00:00+00:00,153.200.216.159,34
2018-12-30 00:00:00+00:00,153.221.117.173,30
2018-12-30 00:00:00+00:00,156.253.205.186,31
2018-12-30 00:00:00+00:00,166.215.254.94,30
2018-12-30 00:00:00+00:00,172.49.214.112,38
2018-12-30 00:00:00+00:00,172.92.31.27,27
2018-12-30 00:00:00+00:00,183.46.100.134,24
2018-12-30 00:00:00+00:00,186.134.165.131,33
2018-12-30 00:00:00+00:00,19.13.14.12,30
2018-12-30 00:00:00+00:00,19.205.8.42,27
2018-12-30 00:00:00+00:00,193.222.79.30,29
2018-12-30 00:00:00+00:00,194.28.46.131,30
2018-12-30 00:00:00+00:00,195.141.213.24,29
2018-12-30 00:00:00+00:00,202.164.215.79,31
2018-12-30 00:00:00+00:00,205.152.189.152,24
2018-12-30 00:00:00+00:00,217.107.6.90,36
2018-12-30 00:00:00+00:00,218.249.71.249,39
2018-12-30 00:00:00+00:00,220.4.65.173,27
2018-12-30 00:00:00+00:00,222.114.111.7,32
2018-12-30 00:00:00+00:00,29.203.172.80,31
2018-12-30 00:00:00+00:00,29.212.214.176,26
2018-12-30 00:00:00+00:00,29.242.3.35,23
2018-12-30 00:00:00+00:00,37.118.191.49,36
2018-12-30 00:00:00+00:00,38.106.141.66,27
2018-12-30 00:00:00+00:00,42.168.90.137,31
2018-12-30 00:00:00+00:00,52.240.245.27,25
2018-12-30 00:00:00+00:00,53.130.36.42,23
2018-12-30 00:00:00+00:00,55.52.254.80,25
2018-12-30 00:00:00+00:00,58.101.6.56,29
2018-12-30 00:00:00+00:00,58.88.120.242,17
2018-12-30 00:00:00+00:00,59.125.14.250,22
2018-12-30 00:00:00+00:00,63.51.146.220,38
2018-12-30 00:00:00+00:00,7.226.209.209,29
2018-12-30 00:00:00+00:00,70.35.167.124,24
2018-12-30 00:00:00+00:00,71.152.83.151,29
2018-12-30 00:00:00+00:00,86.192.210.69,32
2018-12-30 00:00:00+00:00,91.64.204.52,35
2018-12-30 00:00:00+00:00,94.167.125.23,41
2018-12-30 00:00:00+00:00,94.59.111.254,30
2018-12-30 00:00:00+00:00,97.221.178.128,28
2018-12-30 00:00:00+00:00,98.119.51.98,27
2018-12-31 00:00:00+00:00,10.16.7.157,13
2018-12-31 00:00:00+00:00,10.209.220.167,19
2018-12-31 00:00:00+00:00,101.20.201.217,15
2018-12-31 00:00:00+00:00,109.20.186.40,10
2018-12-31 00:00:00+00:00,112.119.48.134,11
2018-12-31 00:00:00+00:00,114.85.45.103,16
2018-12-31 00:00:00+00:00,115.48.72.89,16
2018-12-31 00:00:00+00:00,116.253.88.244,11
2018-12-31 00:00:00+00:00,116.97.32.253,14
2018-12-31 00:00:00+00:00,120.101.43.192,13
2018-12-31 00:00:00+00:00,123.105.217.44,13
2018-12-31 00:00:00+00:00,123.68.103.37,15
2018-12-31 00:00:00+00:00,129.113.92.178,18
2018-12-31 00:00:00+00:00,129.123.168.145,8
2018-12-31 00:00:00+00:00,13.80.147.227,21
2018-12-31 00:00:00+00:00,134.138.213.33,12
2018-12-31 00:00:00+00:00,138.29.79.163,8
2018-12-31 00:00:00+00:00,139.113.90.8,16
2018-12-31 00:00:00+00:00,139.164.227.7,12
2018-12-31 00:00:00+00:00,142.65.209.157,22
2018-12-31 00:00:00+00:00,145.220.112.123,13
2018-12-31 00:00:00+00:00,151.80.162.120,10
2018-12-31 00:00:00+00:00,16.34.164.111,7
2018-12-31 00:00:00+00:00,164.212.101.130,15
2018-12-31 00:00:00+00:00,165.15.233.139,16
2018-12-31 00:00:00+00:00,167.0.250.19,17
2018-12-31 00:00:00+00:00,169.227.161.14,23
2018-12-31 00:00:00+00:00,171.132.15.119,22
2018-12-31 00:00:00+00:00,171.27.89.227,12
2018-12-31 00:00:00+00:00,179.157.38.6,15
2018-12-31 00:00:00+00:00,182.155.10.63,11
2018-12-31 00:00:00+00:00,183.95.230.156,10
2018-12-31 00:00:00+00:00,187.15.218.167,21
2018-12-31 00:00:00+00:00,188.212.10.78,13
2018-12-31 00:00:00+00:00,189.35.40.144,18
2018-12-31 00:00:00+00:00,19.67.96.29,13
2018-12-31 00:00:00+00:00,194.30.234.163,19
2018-12-31 00:00:00+00:00,20.208.164.163,14
2018-12-31 00:00:00+00:00,203.192.138.145,17
2018-12-31 00:00:00+00:00,212.102.3.6,11
2018-12-31 00:00:00+00:00,219.128.25.227,15
2018-12-31 00:00:00+00:00,219.132.214.250,16
2018-12-31 00:00:00+00:00,220.162.204.152,20
2018-12-31 00:00:00+00:00,222.230.246.129,13
2018-12-31 00:00:00+00:00,222.253.119.149,21
2018-12-31 00:00:00+00:00,3.169.175.183,20
2018-12-31 00:00:00+00:00,3.237.212.117,20
2018-12-31 00:00:00+00:00,32.108.193.201,20
2018-12-31 00:00:00+00:00,33.240.117.149,16
2018-12-31 00:00:00+00:00,34.165.142.90,13
2018-12-31 00:00:00+00:00,36.114.229.10,18
2018-12-31 00:00:00+00:00,39.129.117.255,20
2018-12-31 00:00:00+00:00,4.162.237.142,11
2018-12-31 00:00:00+00:00,40.59.101.90,13
2018-12-31 00:00:00+00:00,48.106.13.241,17
2018-12-31 00:00:00+00:00,48.230.44.206,14
2018-12-31 00:00:00+00:00,49.247.91.143,17
2018-12-31 00:00:00+00:00,57.225.214.31,18
2018-12-31 00:00:00+00:00,57.57.11.116,20
2018-12-31 00:00:00+00:00,6.181.221.131,15
2018-12-31 00:00:00+00:00,60.71.75.153,20
2018-12-31 00:00:00+00:00,64.216.64.182,17
2018-12-31 00:00:00+00:00,65.232.167.242,15
2018-12-31 00:00:00+00:00,66.120.255.131,20
2018-12-31 00:00:00+00:00,68.207.22.141,12
2018-12-31 00:00:00+00:00,7.68.140.226,11
2018-12-31 00:00:00+00:00,71.64.140.122,9
2018-12-31 00:00:00+00:00,76.254.133.35,15
2018-12-31 00:00:00+00:00,78.34.183.152,15
2018-12-31 00:00:00+00:00,8.204.125.54,18
2018-12-31 00:00:00+00:00,80.243.203.93,18
2018-12-31 00:00:00+00:00,81.226.146.177,12
2018-12-31 00:00:00+00:00,83.197.152.190,15
2018-12-31 00:00:00+00:00,85.175.11.16,14
2018-12-31 00:00:00+00:00,85.242.50.11,11
2018-12-31 00:00:00+00:00,88.186.14.92,14
2018-12-31 00:00:00+00:00,9.103.188.140,14
2018-12-31 00:00:00+00:00,90.45.241.102,13
2018-12-31 00:00:00+00:00,93.148.250.231,11
2018-12-31 00:00:00+00:00,96.255.236.107,18
2018-12-31 00:00:00+00:00,96.74.91.48,16
2018-12-31 00:00:00+00:00,97.41.101.117,12
2018-12-31 00:00:00+00:00,99.237.123.35,17
2019-01-01 00:00:00+00:00,105.23.17.28,15
2019-01-01 00:00:00+00:00,107.153.75.147,25
2019-01-01 00:00:00+00:00,112.95.139.69,22
2019-01-01 00:00:00+00:00,114.44.39.147,23
2019-01-01 00:00:00+00:00,115.144.110.249,21
2019-01-01 00:00:00+00:00,118.176.106.212,25
2019-01-01 00:00:00+00:00,119.201.170.207,19
2019-01-01 00:00:00+00:00,122.78.48.242,29
2019-01-01 00:00:00+00:00,123.51.59.24,23
2019-01-01 00:00:00+00:00,125.137.153.166,24
2019-01-01 00:00:00+00:00,125.166.13.176,19
2019-01-01 00:00:00+00:00,132.117.254.71,23
2019-01-01 00:00:00+00:00,132.153.172.68,19
2019-01-01 00:00:00+00:00,137.14.189.64,18
2019-01-01 00:00:00+00:00,138.172.95.62,24
2019-01-01 00:00:00+00:00,14.20.33.13,19
2019-01-01 00:00:00+00:00,144.108.163.242,21
2019-01-01 00:00:00+00:00,144.147.192.210,16
2019-01-01 00:00:00+00:00,152.17.226.233,19
2019-01-01 00:00:00+00:00,152.219.187.251,23
2019-01-01 00:00:00+00:00,157.41.142.50,18
2019-01-01 00:00:00+00:00,160.86.171.165,23
2019-01-01 00:00:00+00:00,163.243.91.114,13
2019-01-01 00:00:00+00:00,164.239.53.116,14
2019-01-01 00:00:00+00:00,166.170.53.195,20
2019-01-01 00:00:00+00:00,166.218.203.11,22
2019-01-01 00:00:00+00:00,169.205.176.138,18
2019-01-01 00:00:00+00:00,170.242.219.18,25
2019-01-01 00:00:00+00:00,171.75.146.110,15
2019-01-01 00:00:00+00:00,173.178.109.57,21
2019-01-01 00:00:00+00:00,178.62.105.228,18
2019-01-01 00:00:00+00:00,181.143.108.192,25
2019-01-01 00:00:00+00:00,181.28.68.4,23
2019-01-01 00:00:00+00:00,182.43.239.110,23
2019-01-01 00:00:00+00:00,186.160.127.0,17
2019-01-01 00:00:00+00:00,186.213.239.144,25
2019-01-01 00:00:00+00:00,187.95.150.43,19
2019-01-01 00:00:00+00:00,190.166.218.70,24
2019-01-01 00:00:00+00:00,191.40.23.251,12
2019-01-01 00:00:00+00:00,192.203.216.10,17
2019-01-01 00:00:00+00:00,193.151.106.99,12
2019-01-01 00:00:00+00:00,196.168.182.226,26
2019-01-01 00:00:00+00:00,20.14.179.159,20
2019-01-01 00:00:00+00:00,20.72.13.23,30
2019-01-01 00:00:00+00:00,200.15.76.216,19
2019-01-01 00:00:00+00:00,202.2.249.254,23
2019-01-01 00:00:00+00:00,205.86.238.250,21
2019-01-01 00:00:00+00:00,207.144.130.214,24
2019-01-01 00:00:00+00:00,210.61.56.177,21
2019-01-01 00:00:00+00:00,212.124.221.180,23
2019-01-01 00:00:00+00:00,213.16.180.217,20
2019-01-01 00:00:00+00:00,213.226.182.178,24
2019-01-01 00:00:00+00:00,213.40.202.60,21
2019-01-01 00:00:00+00:00,216.121.131.96,28
2019-01-01 00:00:00+00:00,216.17.119.212,21
2019-01-01 00:00:00+00:00,217.90.138.211,15
2019-01-01 00:00:00+00:00,218.140.161.62,19
2019-01-01 00:00:00+00:00,219.41.202.159,18
2019-01-01 00:00:00+00:00,222.217.5.17,19
2019-01-01 00:00:00+00:00,223.131.229.191,34
2019-01-01 00:00:00+00:00,28.134.185.234,17
2019-01-01 00:00:00+00:00,32.49.201.54,28
2019-01-01 00:00:00+00:00,35.213.124.223,21
2019-01-01 00:00:00+00:00,35.224.171.46,13
2019-01-01 00:00:00+00:00,36.150.122.41,17
2019-01-01 00:00:00+00:00,39.253.62.54,23
2019-01-01 00:00:00+00:00,40.103.246.220,25
2019-01-01 00:00:00+00:00,40.70.46.165,20
2019-01-01 00:00:00+00:00,42.21.23.33,13
2019-01-01 00:00:00+00:00,45.54.42.216,20
2019-01-01 00:00:00+00:00,46.150.231.95,20
2019-01-01 00:00:00+00:00,46.232.127.199,18
2019-01-01 00:00:00+00:00,48.177.86.151,16
2019-01-01 00:00:00+00:00,49.201.69.104,25
2019-01-01 00:00:00+00:00,5.108.4.73,17
2019-01-01 00:00:00+00:00,52.149.46.52,14
2019-01-01 00:00:00+00:00,54.213.21.163,12
2019-01-01 00:00:00+00:00,55.195.128.144,17
2019-01-01 00:00:00+00:00,57.11.109.126,18
2019-01-01 00:00:00+00:00,62.71.130.156,21
2019-01-01 00:00:00+00:00,66.0.166.201,23
2019-01-01 00:00:00+00:00,68.154.35.140,20
2019-01-01 00:00:00+00:00,72.249.230.198,22
2019-01-01 00:00:00+00:00,75.238.105.78,15
2019-01-01 00:00:00+00:00,78.53.92.201,17
2019-01-01 00:00:00+00:00,79.231.133.5,21
2019-01-01 00:00:00+00:00,8.132.18.249,13
2019-01-01 00:00:00+00:00,8.194.95.45,18
2019-01-01 00:00:00+00:00,81.138.171.58,18
2019-01-01 00:00:00+00:00,82.178.196.13,19
2019-01-01 00:00:00+00:00,90.22.154.63,22
2019-01-01 00:00:00+00:00,94.230.80.110,19
2019-01-01 00:00:00+00:00,94.27.183.39,15
2019-01-01 00:00:00+00:00,95.112.196.145,16
2019-01-01 00:00:00+00:00,95.99.253.52,15
2019-01-01 00:00:00+00:00,96.26.109.231,20
2019-01-01 00:00:00+00:00,97.150.73.101,17
2019-01-01 00:00:00+00:00,98.216.108.230,26
2019-01-02 00:00:00+00:00,101.165.225.95,12
2019-01-02 00:00:00+00:00,102.85.216.38,7
2019-01-02 00:00:00+00:00,104.170.203.148,11
2019-01-02 00:00:00+00:00,104.252.241.183,13
2019-01-02 00:00:00+00:00,105.176.142.10,12
2019-01-02 00:00:00+00:00,109.171.72.22,16
2019-01-02 00:00:00+00:00,109.206.253.202,8
2019-01-02 00:00:00+00:00,11.23.28.103,15
2019-01-02 00:00:00+00:00,110.75.71.207,12
2019-01-02 00:00:00+00:00,114.215.145.104,8
2019-01-02 00:00:00+00:00,116.103.55.136,10
2019-01-02 00:00:00+00:00,117.122.154.42,7
2019-01-02 00:00:00+00:00,119.197.18.174,6
2019-01-02 00:00:00+00:00,12.253.226.249,11
2019-01-02 00:00:00+00:00,121.82.112.105,14
2019-01-02 00:00:00+00:00,121.85.30.192,12
2019-01-02 00:00:00+00:00,122.210.132.73,12
2019-01-02 00:00:00+00:00,122.93.255.52,12
2019-01-02 00:00:00+00:00,128.27.99.251,18
2019-01-02 00:00:00+00:00,132.78.51.108,17
2019-01-02 00:00:00+00:00,138.96.61.166,12
2019-01-02 00:00:00+00:00,14.111.114.53,13
2019-01-02 00:00:00+00:00,14.137.120.122,17
2019-01-02 00:00:00+00:00,14.165.215.83,17
2019-01-02 00:00:00+00:00,143.214.86.250,11
2019-01-02 00:00:00+00:00,143.35.58.193,11
2019-01-02 00:00:00+00:00,145.218.53.132,14
2019-01-02 00:00:00+00:00,149.53.184.211,11
2019-01-02 00:00:00+00:00,157.215.93.225,6
2019-01-02 00:00:00+00:00,158.36.206.69,13
2019-01-02 00:00:00+00:00,159.174.116.41,21
2019-01-02 00:00:00+00:00,16.130.183.220,13
2019-01-02 00:00:00+00:00,162.194.224.120,14
2019-01-02 00:00:00+00:00,163.101.162.69,8
2019-01-02 00:00:00+00:00,165.127.113.27,13
2019-01-02 00:00:00+00:00,166.110.33.52,19
2019-01-02 00:00:00+00:00,166.57.176.79,17
2019-01-02 00:00:00+00:00,169.142.59.183,8
2019-01-02 00:00:00+00:00,169.252.137.24,12
2019-01-02 00:00:00+00:00,171.154.154.202,11
2019-01-02 00:00:00+00:00,174.112.25.9,10
2019-01-02 00:00:00+00:00,174.36.197.46,10
2019-01-02 00:00:00+00:00,186.186.188.246,17
2019-01-02 00:00:00+00:00,186.56.122.134,19
2019-01-02 00:00:00+00:00,187.229.252.156,14
2019-01-02 00:00:00+00:00,188.206.165.233,11
2019-01-02 00:00:00+00:00,189.40.205.244,9
2019-01-02 00:00:00+00:00,190.184.93.204,7
2019-01-02 00:00:00+00:00,194.27.245.100,10
2019-01-02 00:00:00+00:00,196.221.20.153,11
2019-01-02 00:00:00+00:00,2.17.58.73,14
2019-01-02 00:00:00+00:00,2.186.42.181,20
2019-01-02 00:00:00+00:00,2.48.123.198,15
2019-01-02 00:00:00+00:00,20.188.164.142,8
2019-01-02 00:00:00+00:00,203.13.28.81,14
2019-01-02 00:00:00+00:00,204.80.195.214,9
2019-01-02 00:00:00+00:00,209.7.45.250,18
2019-01-02 00:00:00+00:00,212.218.211.226,12
2019-01-02 00:00:00+00:00,214.31.55.133,18
2019-01-02 00:00:00+00:00,217.77.161.117,10
2019-01-02 00:00:00+00:00,220.109.18.156,10
2019-01-02 00:00:00+00:00,220.83.127.238,9
2019-01-02 00:00:00+00:00,222.56.23.97,5
2019-01-02 00:00:00+00:00,223.185.66.13,7
2019-01-02 00:00:00+00:00,28.10.123.184,12
2019-01-02 00:00:00+00:00,34.114.174.216,9
2019-01-02 00:00:00+00:00,34.92.232.72,10
2019-01-02 00:00:00+00:00,35.102.47.123,14
2019-01-02 00:00:00+00:00,40.181.251.235,14
2019-01-02 00:00:00+00:00,40.224.52.124,10
2019-01-02 00:00:00+00:00,42.0.103.233,10
2019-01-02 00:00:00+00:00,50.197.128.3,10
2019-01-02 00:00:00+00:00,52.35.107.83,6
2019-01-02 00:00:00+00:00,55.213.179.16,16
2019-01-02 00:00:00+00:00,56.104.147.6,10
2019-01-02 00:00:00+00:00,56.20.121.177,14
2019-01-02 00:00:00+00:00,65.245.203.246,5
2019-01-02 00:00:00+00:00,70.191.222.98,10
2019-01-02 00:00:00+00:00,73.208.116.49,16
2019-01-02 00:00:00+00:00,74.43.249.185,14
2019-01-02 00:00:00+00:00,78.37.212.15,17
2019-01-02 00:00:00+00:00,83.12.226.100,13
2019-01-02 00:00:00+00:00,84.144.170.47,7
2019-01-02 00:00:00+00:00,84.148.73.48,9
2019-01-02 00:00:00+00:00,85.116.48.64,17
2019-01-02 00:00:00+00:00,86.246.56.100,9
2019-01-02 00:00:00+00:00,90.177.151.155,16
2019-01-02 00:00:00+00:00,93.8.38.132,7
2019-01-02 00:00:00+00:00,94.50.152.139,14
2019-01-02 00:00:00+00:00,95.192.5.136,5
2019-01-02 00:00:00+00:00,97.11.222.220,13
2019-01-02 00:00:00+00:00,99.152.81.24,8
2019-01-03 00:00:00+00:00,10.111.90.128,21
2019-01-03 00:00:00+00:00,104.117.229.198,28
2019-01-03 00:00:00+00:00,106.192.71.219,12
2019-01-03 00:00:00+00:00,11.91.197.111,29
2019-01-03 00:00:00+00:00,112.94.212.50,27
2019-01-03 00:00:00+00:00,118.245.89.118,22
2019-01-03 00:00:00+00:00,12.231.198.232,26
2019-01-03 00:00:00+00:00,122.154.74.0,21
2019-01-03 00:00:00+00:00,123.54.113.145,25
2019-01-03 00:00:00+00:00,124.108.65.115,21
2019-01-03 00:00:00+00:00,125.173.68.74,22
2019-01-03 00:00:00+00:00,129.86.70.83,22
2019-01-03 00:00:00+00:00,13.128.215.22,28
2019-01-03 00:00:00+00:00,131.180.234.93,26
2019-01-03 00:00:00+00:00,131.37.163.51,22
2019-01-03 00:00:00+00:00,135.149.151.219,21
2019-01-03 00:00:00+00:00,135.63.164.135,27
2019-01-03 00:00:00+00:00,140.101.100.22,16
2019-01-03 00:00:00+00:00,142.117.224.128,22
2019-01-03 00:00:00+00:00,142.214.229.57,21
2019-01-03 00:00:00+00:00,143.56.145.74,18
2019-01-03 00:00:00+00:00,153.107.4.42,16
2019-01-03 00:00:00+00:00,154.21.139.173,25
2019-01-03 00:00:00+00:00,159.70.162.51,18
2019-01-03 00:00:00+00:00,16.209.147.121,14
2019-01-03 00:00:00+00:00,161.217.176.141,25
2019-01-03 00:00:00+00:00,168.25.230.55,31
2019-01-03 00:00:00+00:00,170.158.180.48,13
2019-01-03 00:00:00+00:00,173.12.154.147,18
2019-01-03 00:00:00+00:00,173.227.121.248,19
2019-01-03 00:00:00+00:00,173.237.123.128,21
2019-01-03 00:00:00+00:00,174.82.255.134,13
2019-01-03 00:00:00+00:00,178.164.58.139,26
2019-01-03 00:00:00+00:00,179.132.229.129,26
2019-01-03 00:00:00+00:00,180.136.154.59,15
2019-01-03 00:00:00+00:00,182.65.226.37,22
2019-01-03 00:00:00+00:00,184.210.118.190,21
2019-01-03 00:00:00+00:00,188.244.71.71,19
2019-01-03 00:00:00+00:00,189.119.21.80,16
2019-01-03 00:00:00+00:00,189.3.96.65,19
2019-01-03 00:00:00+00:00,19.195.36.145,16
2019-01-03 00:00:00+00:00,192.72.109.52,28
2019-01-03 00:00:00+00:00,195.165.118.93,19
2019-01-03 00:00:00+00:00,2.207.22.66,17
2019-01-03 00:00:00+00:00,204.218.32.111,28
2019-01-03 00:00:00+00:00,206.236.125.13,29
2019-01-03 00:00:00+00:00,207.213.197.137,13
2019-01-03 00:00:00+00:00,21.62.201.212,21
2019-01-03 00:00:00+00:00,211.15.75.105,18
2019-01-03 00:00:00+00:00,216.86.10.172,30
2019-01-03 00:00:00+00:00,219.151.185.104,21
2019-01-03 00:00:00+00:00,222.43.190.183,22
2019-01-03 00:00:00+00:00,23.139.160.176,20
2019-01-03 00:00:00+00:00,23.30.94.195,26
2019-01-03 00:00:00+00:00,31.148.50.121,13
2019-01-03 00:00:00+00:00,31.167.243.157,18
2019-01-03 00:00:00+00:00,34.242.88.182,27
2019-01-03 00:00:00+00:00,37.207.80.245,22
2019-01-03 00:00:00+00:00,40.212.139.210,23
2019-01-03 00:00:00+00:00,42.199.76.129,16
2019-01-03 00:00:00+00:00,46.240.178.51,19
2019-01-03 00:00:00+00:00,52.19.206.50,19
2019-01-03 00:00:00+00:00,56.133.195.131,23
2019-01-03 00:00:00+00:00,58.117.57.222,21
2019-01-03 00:00:00+00:00,6.35.171.141,24
2019-01-03 00:00:00+00:00,64.150.22.71,22
2019-01-03 00:00:00+00:00,66.138.88.0,17
2019-01-03 00:00:00+00:00,66.201.115.224,18
2019-01-03 00:00:00+00:00,67.170.204.83,17
2019-01-03 00:00:00+00:00,68.244.6.188,18
2019-01-03 00:00:00+00:00,70.214.229.46,7
2019-01-03 00:00:00+00:00,75.146.186.100,26
2019-01-03 00:00:00+00:00,76.50.208.37,26
2019-01-03 00:00:00+00:00,77.177.8.157,27
2019-01-03 00:00:00+00:00,89.4.160.217,29
2019-01-03 00:00:00+00:00,90.160.32.101,20
2019-01-03 00:00:00+00:00,91.51.93.128,29
2019-01-04 00:00:00+00:00,100.195.160.152,20
2019-01-04 00:00:00+00:00,100.49.16.203,22
2019-01-04 00:00:00+00:00,106.150.213.213,24
2019-01-04 00:00:00+00:00,11.209.15.227,27
2019-01-04 00:00:00+00:00,116.89.184.76,19
2019-01-04 00:00:00+00:00,117.24.6.17,29
2019-01-04 00:00:00+00:00,118.141.55.178,18
2019-01-04 00:00:00+00:00,12.241.84.134,17
2019-01-04 00:00:00+00:00,131.230.89.143,24
2019-01-04 00:00:00+00:00,131.54.244.226,24
2019-01-04 00:00:00+00:00,133.158.92.109,25
2019-01-04 00:00:00+00:00,14.113.79.242,20
2019-01-04 00:00:00+00:00,146.183.14.113,19
2019-01-04 00:00:00+00:00,148.178.241.168,18
2019-01-04 00:00:00+00:00,15.159.120.196,25
2019-01-04 00:00:00+00:00,150.5.35.4,18
2019-01-04 00:00:00+00:00,152.129.236.26,25
2019-01-04 00:00:00+00:00,153.169.239.175,31
2019-01-04 00:00:00+00:00,156.0.203.245,16
2019-01-04 00:00:00+00:00,157.84.21.147,12
2019-01-04 00:00:00+00:00,161.30.56.209,24
2019-01-04 00:00:00+00:00,177.190.76.170,22
2019-01-04 00:00:00+00:00,18.113.0.0,17
2019-01-04 00:00:00+00:00,182.246.36.15,17
2019-01-04 00:00:00+00:00,186.69.190.224,27
2019-01-04 00:00:00+00:00,188.189.96.69,33
2019-01-04 00:00:00+00:00,189.253.183.85,26
2019-01-04 00:00:00+00:00,198.66.168.157,23
2019-01-04 00:00:00+00:00,204.10.95.115,23
2019-01-04 00:00:00+00:00,206.135.109.225,14
2019-01-04 00:00:00+00:00,209.63.42.81,15
2019-01-04 00:00:00+00:00,22.224.113.111,18
2019-01-04 00:00:00+00:00,221.58.158.125,22
2019-01-04 00:00:00+00:00,24.144.109.38,20
2019-01-04 00:00:00+00:00,26.90.251.2,24
2019-01-04 00:00:00+00:00,3.175.50.202,14
2019-01-04 00:00:00+00:00,34.227.213.192,27
2019-01-04 00:00:00+00:00,34.4.149.210,22
2019-01-04 00:00:00+00:00,36.153.144.156,27
2019-01-04 00:00:00+00:00,36.164.94.162,21
2019-01-04 00:00:00+00:00,40.234.112.89,16
2019-01-04 00:00:00+00:00,49.202.81.177,11
2019-01-04 00:00:00+00:00,51.35.27.41,19
2019-01-04 00:00:00+00:00,54.203.92.70,26
2019-01-04 00:00:00+00:00,6.249.73.63,19
2019-01-04 00:00:00+00:00,67.166.176.176,17
2019-01-04 00:00:00+00:00,73.129.42.201,16
2019-01-04 00:00:00+00:00,8.180.86.150,22
2019-01-04 00:00:00+00:00,81.131.240.108,21
2019-01-04 00:00:00+00:00,97.251.44.93,18
2019-01-04 00:00:00+00:00,98.249.72.36,24
